mod_name,name,jobtitleonetheruemfoudation,jobtitle1_company1,jobtitle2_company1,jobtitle3_company1,company1,jobtitle1_company2,company2,jobtitle2_company2,company3,jobtitle1_company3,jobtitle2_company3,jobtitle1_company4,company4,author_id,co_matched_names,extra_in_co,jobtitle1_pastcompany1,jobtitle2_pastcompany1,pastcompany1,jobtitle1_pastcompany2,jobtitle2_pastcompany2,pastcompany2,jobtitle1_pastcompany3,pastcompany3,jobtitle1_pastcompany4,jobtitle2_pastcompany4,pastcompany4,jobtitle1_pastcompany5,pastcompany5,jobtitle1_pastcompany6,pastcompany6,jobtitle1_pastcompany7,pastcompany7,jobtitle1_pastcompany8,pastcompany8,jobtitle1_pastcompany9,pastcompany9,jobtitle1_pastcompany10,pastcompany10
0age,0age,,Protocol Development,,,opensea,,,,,,,,,98,0age,,,,,,,,,,,,,,,,,,,,,,,,
abdelhamidbakhta,Abdelhamid Bakhta,,Co-founder,,,Only Dust,,,,,,,,,163,Abdelhamid Bakhta,,,,,,,,,,,,,,,,,,,,,,,,
adamboudjemaa,Adam Boudjemaa,,Lead Blockchain Developer,,,Polytrade,Head of Blockchain,Retreeb,,,,,,,557,Adam Boudjemaa,,Blockchian Engineer,,Securrency,Blockchain Engineer,,Fantom Foundation,Blockchain Developer,Tokeny Solutions,Blockchain Developer,,Flexper,Blockchain Smart Contract Developer,Equisafe,Blockchain Smart Contract Developer,BTU Protocol,IT Security Engineer,ArcelorMittal,Consultant & Co-Founder,Digital Blockchain Technology,Web Developer,Well'comm,Technical Support,Fnac
adamlevi,Adam Levi,,Co-founder,,,BackedFi,,,,,,,,,324,Adam Levi,,CTO,Co-Founder,DAOstack,Teaching Assistant,,Technion - Israel Institute of Technology,Radar engineer,IDF - Israel Defence Forces,,,,,,,,,,,,,,,
adriansutton,Adrian Sutton,,Staff Protocol Engineer,,,OpLabs,Committer,The Apache Software Foundation,,,,,,,123,Adrian Sutton,,Blockchain Protocol Engineer,PegaSys Protocol Engineering,ConsenSys,Blockchain Protocol Engineer,,PegaSys Protocol Engineering,Senior Developer,LMAX Limited,,,,,,,,,,,,,,,
afrischoedon,Afri Schoedon,,Head of Protocol Engineering,,,ChainSafe Systems,,,,,,,,,23,Afri Schoedon,,Protocol Engineer,,Ethereum Classic Labs,Software Engineer,,Parity Technologies,Research Assistant,Hasso Plattner Institute,Blockchain Researcher,,Mein Grundeinkommen e.V.,Back End Developer,Parlamentwatch e.V.,,,,,,,,,,
agustinaguilar,Agustin Aguilar,,Co-founder,,,Pine.finance,,,,,,,,,250,Agustin Aguilar,,,,,,,,,,,,,,,,,,,,,,,,
alanlu,Alan Lu,,Student,,,,,,,,,,,,63,Alan Lu,,Researcher,,Gnosis,Software Developer,,Fifth Estate,Server,Studio Movie Grill,Software Engineer,,Augur,Tech Support,"DCS Global, Inc.",Intern,"Bio-Synthesis, Inc.",Developer,Game Circus LTD,,,,,,
alanscarpellini,Alan Scarpellini,,Blockchain Developer,,,Noku AG,,,,,,,,,360,Alan Scarpellini,,Researcher,Software Engineer,Consorzio Intellimech,,,,,,,,,,,,,,,,,,,,
albertchon,Albert Chon,,CTO,Co-founder,,Injective Labs,Tendermint Fellow,Tendermint,,,,,,,67,Albert Chon,,Software Development Engineer,,Amazon,Consultant,,Open Zeppelin,Full Stack Software Engineer,Linc Global Inc,Researcher,,Stanford Parallel Distributed Processing Lab,Marketing Copywriter & Technical Analyst,L3 Networks,Analytical Chemist and Marketing Associate,Advanced Botanical Consulting & Testing Inc.,,,,,,,,
alexberegszaszi,Alex Beregszaszi,Lead Ewasm & Co-lead Solidity,Co-Founder,,,Spearbit Labs,,,,,,,,,11,Alex Beregszaszi,,Founder,,BLEND,CEO,Co-Founder,Signatur,Lead Systems Architect,Payzone Ireland,CTO,Co-Founder,Datira,Founder,Siqon,Senior Software Engineer,3PlayPlus,Research Assistant,MTA SZTAKI,Software Engineer,Siemens PSE Kft,,,,
alexforshtat,Alex Forshtat,,Software Engineer,,,TabooKey,,,,,,,,,102,Alex Forshtat,,Software Engineer,,Kaymera Technologies,Software Engineer,,iGATES Ltd,Android Developer,Veems. Messaging with a Kick.,,,,,,,,,,,,,,,
alexstokes,Alex Stokes,,Cryptoeconomist,,,Ephemeral Labs.,,,,,,,,,215,Alex Stokes,,Decentralization consultant,,api.market,Fullstack engineer,,Go,CTO,Piper,Research associate with Professor Robert Cava,,Princeton Chemistry Department,,,,,,,,,,,,
alexvandesande,Alex Van de Sande,Alumni,Co-founder,,,UniLogin,,,,,,,,,8,Alex Van de Sande,,Co-Founder,,Dujour (fashion app),Co-owner,Designer,Kinda Connected,Applications Designer,Bolsa de Mulher,Interface Designer,,Kleintech,Interface Designer,PV INOVA,Designer,Tangerina,Interface Designer and Information Architect,WeShow,intern,Globo.com,Intern,OESTUDIO,,
alexvlasov,Alex Vlasov,,SRE,,,ByteDance,,,,,,,,,115,Alex Vlasov,,Enterprise Systems Engineer,,Facebook,Sr. Development Engineer,Deployment Engineer,Mirantis,System Administrator,Vps.ua,System Administrator,,PrJSC Termolife,,,,,,,,,,,,
amirbandeali,Amir Bandeali,,Co-CEO,,,0xlab,,,,,,,,,509,Amir Bandeali,,Trader,,DRW,Trader,Trading Assistant,Chopper Trading,,,,,,,,,,,,,,,,,
andreabrancaleoni,Andrea Brancaleoni,,Senior Security Engineer,,,Brave Software,,,,,,,,,494,Andrea Brancaleoni,,Security Researcher,,Doyensec,OS Security Engineer,,FAMOCO,Software Engineer,.Cleafy,Software Engineering 2 Assistant,,Politecnico di Milano,,,,,,,,,,,,
andrealanfranchi,Andrea Lanfranchi,,Blockchain Software Architect,,,Horizen Labs,Mining farm consultant,Overclock S.r.l.,Amministratore delegato,Isiweb S.r.l.,,,,,93,Andrea Lanfranchi,,Specialista Supporto Tecnico Italia,,Scalix,Programmatore,,Monbebè S.r.l.,Programmatore,CITIEMME Informatica Srl,,,,,,,,,,,,,,,
andreasfreund,Andreas Freund,,Technology Advisor,,,Sealance,Strategy & Technical Advisor,Envision Blockchain Solutions,,,,,,,224,Andreas Freund,,CTO,,TreeTrunk,Strategy and Technology Advisor,,QLC Chain,Blockchain Swiss Army Knife,ConsenSys,"Head of Technology, TCS Blockchain",Senior Manager,Tata Consultancy Services,Consultant,Independent Management Consultant,Director (Contract),Alvarez & Marsal,Manager (Contract),Navint Partners,Senior Consultant,M2 Consulting,Consultant,BSL Management Consultants,Research Professor,University of Regensburg
andreimaiboroda,Andrei Maiboroda,Software Engineer,,,,,,,,,,,,,214,Andrei Maiboroda,,Senior Software Engineer,,Mitac International Corp.,Software Developer,,Acronis,Software Developer,Software Technologies,Software Developer Internship,,Taganrog State Radiotechnical University,,,,,,,,,,,,
andrewbcoathup,Andrew B Coathup,,Community Manager,,,OpenZeppelin,,,,,,,,,221,Andrew B Coathup,,Software Director,,Infinity Networks Limited (Gibraltar),Software Director,,Atari Token,Software Director,Virt-U,VP Development,,"Tribeka, London",Software Engineer,Nortel Networks,Software Engineer,RLM Systems,,,,,,,,
andrewcooke,Andrew Cooke,,Senior Software Engineer,,,NVIDIA,,,,,,,,,315,Andrew Cooke,,Global Education Strategy,Learning Partner Program Manager,Avid Technology,Pro Tools Product Manager,,Digidesign,,,,,,,,,,,,,,,,,
andrewredden,Andrew Redden,,CTO,,,Groundhog,CTO,TokenClub,CTO,BlockCrushr Labs,,,,,326,Andrew Redden,,Data Infrastructure Lead,,Kinduct Technologies Inc.,Technical Lead,,GetGifted Inc.,Developer,Emberactive Media,Lead Developer,,The Rounds,Developer,Equals6.com,Mobile Solutions Specialist,TELUS Mobility,,,,,,,,
andychorlian,Andy Chorlian,,Co-founder,,,The Fractional Token Company,NFT reply guy,Metaverse,,,,,,,333,Andy Chorlian,,Blockchain Developer,,MakerDAO,Lead Blockchain Engineer,Blockchain Engineer,Hydrogen,Software Engineer,Hedgeable,Software Engineer,,eMoney Advisor,Teaching Assistant,Villanova University,Software Development Intern,Verizon Wireless,Cashier,Villanova University,,,,,,
ankitraj,ankit raj,,CTO,,,Velvet.Capital,,,,,,,,,581,ankit raj,,Product Lead,,Pandora Protocol,Blockchain | DevOps Consultant,,ClickAcademy Asia,Co-Founder,BitBerri,Founder in residence,,Entrepreneur First,Software Developer,BigchainDB,Co-Founder,BlockVidhya,Research Grantee,Ethereum,Blockchain Developer,COSS,Associate Software Developer,Red Hat,Developer,Open Source Community
antonbuenavista,Anton Buenavista,,Ecosystem Growth,,,Pendle,,,,,,,,,482,Anton Buenavista,,Senior Software Engineer,,Kyber Network,DevOps Engineer,,Intel Corporation,IT Analyst,Tropical Marine Science Institute,Application Developer,,Texas Instruments,,,,,,,,,,,,
antonbukov,Anton Bukov,,Co-founder,,,1inch Network,,,,,,,,,195,Anton Bukov,,Senior Smart Contract Engineer,,NEAR Protocol,Chief Blockchain Engineer,Consensus Researcher,MultiToken,Blockchain Developer,,BitClave,Senior iOS Developer,Machine Learning Works,Senior Mac UI Developer,Acronis,Senior iOS Developer,Actor Messaging,,,,,,,,
antoniosalazarcardozo,Antonio Salazar Cardozo,,CTO,,,Thesis,,,,,,,,,58,Antonio Salazar Cardozo,,Committer,,Lift,UI/UX Team Lead,Senior Software Developer,Elemica,Maintainer,Vico,Director of Engineer,Chief Software Engineer,Inquus Corporation,General-purpose helping-person,Atlanta CS,Teaching Assistant,Georgia Institute of Technology,Intern/Software Developer,Infor,,,,,,
anuragangara,Anurag Angara,,Head of Product,,,Canopy Servicing,,,,,,,,,88,Anurag Angara,,Founder,,Antidosis,Technical Product Manager (contract),,Wyre,Product Manager,Hydrogen,Consultant,Business Advisory Program Summer Intern,EY,Public Finance Housing Enterprises and Structured Securities Summer Intern,Standard & Poor's,,,,,,,,,,
aurynmacmillan,Auryn Macmillan,,Founder,,,clr.fund.,,,,,,,,,191,Auryn Macmillan,,Co-founder,,DAOhub,BDSM Lead,User Researcher,Colony,Community Director,FirstBlood,,,,,,,,,,,,,,,
austingriffith,Austin Griffith,Web Developer,Director of Research,,,Gitcoin,Cloud Engineer,Madwire?,,,,,,,561,Austin Griffith,,Senior Software Engineer,,Lyrical Labs,Electrical Engineer,,PlasmaCam,,,,,,,,,,,,,,,,,
avihulevy,Avihu Levy,,Head of Product & Blockchain Research,,,StarkWare,,,,,,,,,503,Avihu Levy,,Security Researcher,,KayHut,Security Researcher,,NSO Group,CTO,AlgoREIT,Researcher & Developer,,Israel Defense Forces,,,,,,,,,,,,
benjaminchodroff,Benjamin Chodroff,,Principal Web3 Architect,,,HSBC,CEO,Elabify LLC,Advisor,OpenLeverage,Co-founder,,OffChain Global,,212,Benjamin Chodroff,,CTO,,ExCraft Exchange,CTO,,ClearObject,IBM Senior Software Specialist,IBM,,,,,,,,,,,,,,,
benkaufman,Ben Kaufman,,Chief Conspiracy Theorist,CWT News,,,,,,,,,,,79,Ben Kaufman,,Blockchain Developer,,DAOstack,CTO Co-Founder,,BitCampus,,,,,,,,,,,,,,,,,
bertrandmasius,Bertrand Masius,,Manager,Senior IT Security Consultant,,OWN,,,,,,,,,568,Bertrand Masius,,Consultant sécurité informatique,,Lynx Technologies,Infrastructure Security Engineer,,SGCIB,Security consultant,Ericsson for ESR,Customer Service Manager,,Orange Business Services for ESR,IT Security Engineer,Total E&P,,,,,,,,,,
billyrennekamp,Billy Rennekamp,,Founder,,,Clovers Network,,,,,,,,,100,Billy Rennekamp,,,,,,,,,,,,,,,,,,,,,,,,
blainemalone,Blaine Malone,,Staff Research Engineer,,,Superlunar,,,,,,,,,459,Blaine Malone,,Staff Security Engineer,,Gemini,Senior Software Engineer,,Bitpanda Custody,Software Engineer,ConsenSys,Computer Science Tutor,,Queen's Univeristy Belfast,Software Engineer,Deloitte Digital,,,,,,,,,,
bradleyleatherwood,Bradley Leatherwood,,Software Engineer,,,Google,,,,,,,,,55,Bradley Leatherwood,,Founder,,inKibra,Senior Software Engineer,,Luxe,Senior Team Lead,MSMCI,Lead Front-End Engineer,Full Stack Engineer,Trunomi,Sales Engineering,Smaato,Programming Intern,LessThan3,Founder,Portal Games,,,,,,
braytongoodall,Brayton Goodall,,Mechanism designer,,,Secure Data Links,,,,,,,,,205,Brayton Goodall,,,,,,,,,,,,,,,,,,,,,,,,
brendanasselstine,Brendan Asselstine,,CTO,,,PoolTogether Inc.,,,,,,,,,245,Brendan Asselstine,,Delta Camp Blockchain Consultancy,,Co-Founder,Decentralized Application Developer,,MedCredits,Blockchain Development Consultant,Brendan Asselstine,Senior Developer,,Loft47,Teaching Assistant,Lighthouse Labs,Lead Developer,Skyrocket Digital,Senior Software Developer,Telstra,Software Developer,"OnMobile Live, Inc. (LiveWire Mobile)",Web Developer,Concordia University,Web Developer,thenumber creative
brianr.bondy,Brian R. Bondy,,CTO,Co-founder,,Brave Software,,,,,,,,,413,Brian R. Bondy,,Software developer lead,,Khan Academy,Senior Software Engineer,,Mozilla Corporation,Technical Director,KineticD,Co-Founder,,VisionWorks Solutions Inc.,Device Driver Developer,ALT Software,Researcher and Software Developer,Corel Corporation,Software Engineer,Anchor Lamina,,,,,,
brianventuro,Brian Venturo,,CTO,,,CoreWeave,,,,,,,,,80,Brian Venturo,,Partner,,Hudson Ridge Asset Management LLC,Portfolio Manager - Energy and Emissions,,Natsource,,,,,,,,,,,,,,,,,
brooklynzelenka,Brooklyn Zelenka,,CTO,Co-founder,,FISSON,,,,,,,,,44,Brooklyn Zelenka,,Founding Partner,,Robot Overlord Software Inc.,Principal Engineer,,Finhaven,Software Consultant,Kickstarter,Web Developer,,MetaLab,Software Developer,Casting Workbook,Software Engineer,SocialChorus,"Lead Developer, Mobio INsider",Mobio Technologies,"Film Composer, Graphic Designer & Full Stack Developer",Trembling Void Studios,,,,
brunobarbieri,Bruno Barbieri,,Mobil Engineer,,,Rainbow,,,,,,,,,103,Bruno Barbieri,,Lead Mobile Engineer,Senior Javascript Engineer,ConsenSys,Director of Mobile Engineering ,Lead Mobile Engineer,delivery.com,CTO,YourListen.com,,,,,,,,,,,,,,,
buzzcai,Buzz Cai,,Founder,,,Rumble,,,,,,,,,259,Buzz Cai,,Software Engineer,,Bloomberg LP,Software Engineer Summer Intern,,Bloomberg LP,,,,,,,,,,,,,,,,,
carlbeekhuizen,Carl Beekhuizen,Eth 2.0 Researcher,,,,,,,,,,,,,129,Carl Beekhuizen,,,,,,,,,,,,,,,,,,,,,,,,
carllarson,Carl Larson,,Tech Lead,,,IBM,,,,,,,,,38,Carl Larson,,Sales Leader,,Redbrick Sales Advisors,Executive Lecturer,,"Quinlan School of Business, Loyola University Chicago",Enterprise Sales Results Leader,Oracle,Solution Sales Leader,Business Strategy,Anixter International,Sales,Aspen Consulting,Sales,IBM Corporation,,,,,,,,
chaitanyapotti,Chaitanya Potti,,Head of engineering,,,Web3Auth,,,,,,,,,75,Chaitanya Potti,,Software Architect,,TWO12,Co-Founder,,Electus Network,Technical Lead,Credit Suisse,Senior Engineer,,Honeywell,"Mentor, Intern","Scilab India, Python.in",Panel Member,Insight IITB,Intern,Whirlpool Corporation,Co-Founder,Determination center for Alternate Learning,Manager Operations,Topworks,Mess Secretary,Hostel 8 IIT Bombay
charleslehner,Charles Lehner,,Software Developer,,,Spruce Systems,,,,,,,,,492,Charles Lehner,,(Senior) Software Developer/Engineer,,"Spruce Systems, Inc.",Software Engineer,,ChatID,hackNY Fellow,hackNY.org,Apple Certified Macintosh Technician,,Ross School,,,,,,,,,,,,
chih-chengliang,Chih-Cheng Liang,,Developer,,,Ethereum Research,Data Scientist,Linker Networks Inc.,,,,,,,310,Chih-Cheng Liang,,Full Stack Developer,,Agilearning Inc.,Co-organizer,,Taiwan Coder League,Investment IT Coordinator,"Nan Shan Life Insurance Co., Ltd",Draftee,,Kaohsiung Harbor Fire Brigade,,,,,,,,,,,,
christianreitwiessner,Christian Reitwiessner,Team Lead Solidity and Ethereum C++ implementation,Independent Researcher,,,Truebit,,,,,,,,,4,Christian Reitwiessner,,,,,,,,,,,,,,,,,,,,,,,,
christiantzurcanu,Christian Tzurcanu,,Volunteer,,,The Laurel Project,,,,,,,,,341,Christian Tzurcanu,,,,,,,,,,,,,,,,,,,,,,,,
christophburgdorf,Christoph Burgdorf,Senior Software Engineer,,,,,,,,,,,,,135,Christoph Burgdorf,,,,,,,,,,,,,,,,,,,,,,,,
codyburns,Cody Burns,,Blockchain Architect,Manager,,Accenture,Founder,Chippr Robotics,,,,,,,28,Cody Burns,,Member of Ethereum Classic development team,,Ethereum Classic,VP Operations and Technology Development,,Geophysical Land Services,Asst. Emergency Management Coordinator,Village Fire Department,Electronics Maintenance Chief,,United States Marine Corps,USMC DRILL INSTRUCTOR,MCRD,,,,,,,,,,
cyrillapinte,Cyril Lapinte,,Founder,,,Openfiz,Founder,C-Layer,Geneva Founder,Devchain,,,,,96,Cyril Lapinte,,Agile Java Web Developper,,SIX Swiss Exchange Ltd,Java/Web Developer,,Serial SA,Teacher,CNAM,Integrator - Team Leader eGovernement,,Etat de Genève,Software Developer,Atos International,,,,,,,,,,
damianmartinelli,Damian Martinelli,,CTO,,,Fulbo Galaxy,Teacher,Organizacion de Datos,,,,,,,474,Damian Martinelli,,Teacher at Organizacion de Datos,,Universidad de Buenos Aires,Moonshot Trusted Contributor,,Gitcoin,Co-Founder,Properati,CTO,Co-Founder,Sumavisos,Co-Founder,Gravlax Ventures,Founder,DO2,Software developer,Stracienta,Analista de Seguridad Informática,BCRA,,,,
danfinlay,Dan Finlay,,Software Developer,,,ConsenSys,,,,,,,,,31,Dan Finlay,,Software Developer,,Apple,Founder,,Tricera-Tops,Software Developer,MochaLeaf,Software Instructor,,City of Oakland,iOS Developer,Slightly Flavored,Technology Teacher,East Bay School for Boys,Lead User Experience Designer,"Pacific Whistle, Inc",,,,,,
daniellehrner,Daniel Lehrner,,Senior Blockchain Engineer,,,ConsenSys,,,,,,,,,119,Daniel Lehrner,,Protocol Engineer,Product Engineer,iobuilders,Software Developer,,PwC's Digital Services,Programmierer PHP,inter-punkt. ag,Software Developer,,inCentro data services GmbH,Software Developer Internship,Vienna University of Technology,Software Developer,Firma Alubau & Sonnenschutz Ing. Georg Lehrner,,,,,,,,
danieltedesco,Daniel Tedesco,,Principal International Growth Consultant,,,Google,Head,ESG DAO,,,,,,,231,Daniel Tedesco,,Business Development Director,,Dyad Mentorship,President & Chair Of The Board Of Trustees,,Global China Connection,Corporate Planning Manager,ASC Fine Wines,Fulbright Scholar,,U.S. Department of State,,,,,,,,,,,,
dankradfeist,Dankrad Feist,Researcher,,,,,,,,,,,,,188,Dankrad Feist,,,,,,,,,,,,,,,,,,,,,,,,
dannoferrin,Danno Ferrin,,Principal Software Engineer,,,Hedera Hashgraph,,,,,,,,,107,Danno Ferrin,,Staff Software Engineer,,"Reddit, Inc.",Lead Protocol Engineer,ConsenSys Quorum Protocol Engineering,ConsenSys,Blockchain Protocol Engineer,PegaSys Protocol Engineering,Software Engineer,,Google,Principal Member of Technical Staff,Oracle,Founder,Numisight,Software Design Engineer,Fluke Networks,Component Lead Engineer,Intelligent Software Solutions,Software Engineer,Intelliden,Crew Member,McDonald's
dannyryan,Danny Ryan,,SQL Sever Developer,,,,,,,,,,,,50,Danny Ryan,,Web Developer and IT Manager,,"Medical Isotopes, Inc.",Web Developer,,CrystalVision,Web Developer,Digital Bungalow,,,,,,,,,,,,,,,
davesag,Dave Sag,,Blockchain Tsar&Senior Javascript Practitioner,,,Industrie&Co,,,,,,,,,41,Dave Sag,,Advisor,,C4Coin,Chairman,,Bit2Bit Holdings Pty Ltd,Contract Senior Software Engineer,Flamingo Ventures Pty Ltd,Contract Senior Software Developer,,Atlassian,Senior Software Developer,Westfield Labs,Senior Software Developer,ApproSport Pty Ltd,Senior Software Engineer,Maxwell Forest Inc,Software Quality Consultant,European Patent Office,,,,
davidknott,David Knott,,Plasma Researcher,,,OmiseGO,,,,,,,,,460,David Knott,,,,,,,,,,,,,,,,,,,,,,,,
davidlaprade,David Laprade,,Software Engineer,,,Stripe,,,,,,,,,545,David Laprade,,Lead Sotfware Engineer,Senior Software Engineer,Ascension,Software Developer,,"Laprade Software, LLC",Research Technician,Austriaco Laboratory,,,,,,,,,,,,,,,
deaneigenmann,Dean Eigenmann,,Co-founder,,,Dialectic,,,,,,,,,43,Dean Eigenmann,,,,,,,,,,,,,,,,,,,,,,,,
dennisvonderbey,Dennis von der Bey,,Product Engineer,,,Spherity,,,,,,,,,490,Dennis von der Bey,,Software Developer,,communicode AG,,,,,,,,,,,,,,,,,,,,
devinconley,Devin Conley,,Co-founder,,,GYSR,Engineer,Passage Protocol,,,,,,,232,Devin Conley,,Senior Software Engineer,,monoDrive,Software Engineer,,IBM,"Research Assistant, Department of Physics and Astronomy, Instrument Development Group",The Johns Hopkins University,Software Development Intern,,IBM,,,,,,,,,,,,
dhruvmalik,Dhruv Malik,,Senior Blockchain Consultant,,,Debond,CTO,Culture Shock Galleries,CTO,Phoenix Cash,,,,,526,Dhruv Malik,,,,,,,,,,,,,,,,,,,,,,,,
dietershirley,Dieter Shirley,,CTO,,,Dapper Labs,,,,,,,,,302,Dieter Shirley,,Advisor,,Hammer & Tusk,Chief Software Architect,,Axiom Zen,Director of Development,Atimi Software,Senior Software Engineer,,Apple,Senior Software Engineer,Schemasoft,Java UI Designer,NetMeasure Inc,Software Engineer,Paradigm Software,,,,,,
dominicletz,Dominic Letz,,CTO,Co-founder,,Diode.io,,,,,,,,,128,Dominic Letz,,CTO,,Exosite,Product Manager,,Nokia,Senior Software Engineer,mokono,Software Engineer,,TwoTickets.de,,,,,,,,,,,,
drortirosh,Dror Tirosh,,Feelancer Web3 Developer,,,,,,,,,,,,336,Dror Tirosh,,,,,,,,,,,,,,,,,,,,,,,,
duncanwestland,Duncan Westland,,Head of Blockchain,,,EY,,,,,,,,,452,Duncan Westland,,"Deputy Director - Digital, Data and Technology.",,"Home Office, Government of the United Kingdom",CTO,Deputy Director,Her Majesty's Passport Office,Managing Consultant,PA Consulting Group,,,,,,,,,,,,,,,
edsonayllon,Edson Ayllon,,Technical Product Manager,,,Dhedge Dao,,,,,,,,,133,Edson Ayllon,,Project Manager,,Ethereum Cat Herders,Consultant,,Protocol Labs,Senior Associate,Infosys,CLI Software Engineer,,Ethereum TS,Front-End Engineer,AlphaWallet,Managing Partner,Azure Black,Service Coordinator,Bryce Jordan Center,,,,,,
elibensasson,Eli Ben Sasson,,chairman,Co-founder,,StarkWare,,,,,,,,,346,Eli Ben Sasson,,Professor,,Technoin - Isreal Institute of Technology,Visiting Assistant Professor,,TTI Chicago,Postdoctoral Researcher,Massachusetts Institute of Technology (MIT),,,,,,,,,,,,,,,
ericconner,Eric Conner,Angel Investor,Co-founder,,,EthHUb,,,,,,,,,130,Eric Conner,,Product,,Gnosis,Product Management,Business Analyst,FIS,ALM Forecast Manager,Citizens Bank,,,,,,,,,,,,,,,
ericdvorsak,Eric Dvorsak,,CTO,,,Brian,,,,,,,,,348,Eric Dvorsak,,EVP of Engineering,Co-Founder,"Clash App, Inc.",Senior Software Engineer Team Lead,,Status.im,System Developer,LambdaWerk GmbH,Software Engineer,Big Data Reseacher,Zenika,DevOps and Clojure Software Engineer,AXA Banque,Big Data and DevOps Software Engineer,AID Add Intelligence to data,Python/Django Developer,Maykin Media,,,,,,
ericmartihaynes,Eric Marti Haynes,,Blockchain Engineer,,,Nethermind,,,,,,,,,395,Eric Marti Haynes,,,,,,,,,,,,,,,,,,,,,,,,
erikmarks,Erik Marks,,Director of Product Management,,,ConsenSys,,,,,,,,,167,Erik Marks,,Client Program Manager,,Survey.com,,,,,,,,,,,,,,,,,,,,
ernestogarcia,Ernesto Garcia,,Smart Contract Engineer,,,OpenZeppelin,,,,,,,,,297,Ernesto Garcia,,Software Engineer,,yotepresto.com,Instructor,Tech Lead,Blockchain Academy Mexico,Software Engineer Intern,Google,,,,,,,,,,,,,,,
estebanmino,Esteban Mino,,engineer,,,Rainbow,,,,,,,,,304,Esteban Mino,,Senior Mobile Engineer,Software Engineer,ConsenSys,Developer,,Blockchain at Berkeley,Android Development Lead,Escuela de Contrucción Civil UC,Intern,,Centro de Innovación UC Anacleto Angelini,,,,,,,,,,,,
ethany.tsai,Ethan Y. Tsai,,Core Developer,,,Solv Foundation,,,,,,,,,464,Ethan Y. Tsai,,,,,,,,,,,,,,,,,,,,,,,,
eyaleithcowich,Eyal Eithcowich,,CEO,Founder,,DeepDAO,,,,,,,,,532,Eyal Eithcowich,,VP Product,,LeadSpotting,CTO,Founder,Smart Monthly,Consulting Engineer Manager,Apple Computer,,,,,,,,,,,,,,,
fabianvogelsteller,Fabian Vogelsteller,,Chief Blockchain Architect,Founder,,LUKSO,,,,,,,,,7,Fabian Vogelsteller,,"Mist Browser, Ethereum Wallet, Web3.js Developer",,Ethereum,Lead Web Developer,,TunedInMedia,,,,,,,,,,,,,,,,,
felixlange,Felix Lange,,Chief Blockchain Architect,Founder,,LUKSO,,,,,,,,,6,Felix Lange,,,,,,,,,,,,,,,,,,,,,,,,
franciscogiordano,Francisco Giordano,,Smart Contracts,,,OpenZeppelin,,,,,,,,,76,Francisco Giordano,,,,,,,,,,,,,,,,,,,,,,,,
g.nicholasd???andrea,g. nicholas d'andrea,,Senior Engineer,,,Knights of Degen,,,,,,,,,59,g. nicholas d'andrea,,,,,,,,,,,,,,,,,,,,,,,,
gabrielbarros,Gabriel Barros,,Blockchain Developer,,,Fleek,,,,,,,,,106,Gabriel Barros,,,,,,,,,,,,,,,,,,,,,,,,
gaurangtorvekar,Gaurang Torvekar,,CEO,Co-founder,,Indorse,Co-founder,Metalinq,Blockchain Advisor,Zeeon,,,,,279,Gaurang Torvekar,,Chief Technology Officer,,Attores,Head of Software Engineering,,The Total Return Club,Lead Software Engineer,SGRECX,Data Science Engineer,,Forty Two Labs Pte Ltd,Tech Lead,WAi Technologies Pvt. Ltd.,Founder,Quarkk ePublishers,Software Engineer,Capgemini,,,,,,
gavinwood,Gavin Wood,,Founder,,,Parity Technologies,,,,,,,,,13,Gavin Wood,,,,,,,,,,,,,,,,,,,,,,,,
georgespasov,George Spasov,,Blockchain Architect,Founder,,LimeChain,,,,,,,,,377,George Spasov,,Chief Growth Officer,Co-Founder,Swip,Senior Softwate Developer,,Musala Soft,Android Developer,pCloud AG,,,,,,,,,,,,,,,
gerhardwagner,Gerhard Wagner,,Security engineer,,,Delphi Digital,,,,,,,,,87,Gerhard Wagner,,CEO,Founder,Surf6,Project Manager,Product Manager,etventure,Guest Lecturer,Hochschule für Technik und Wirtschaft Berlin,Co-Founder,,Lifestyle-Astronaut,Guest Lecturer,Ludwig-Maximilians-Universität München,Guest Lecturer,WHU – Otto Beisheim School of Management,Guest Lecturer,HS Augsburg,,,,,,
gianlucaperletti,Gianluca Perletti,,CTO,,,NoKu AG,,,,,,,,,155,Gianluca Perletti,,CTO,,Eidoo,Web Development Specialist,,YOURBIZ SRLYOURBIZ,,,,,,,,,,,,,,,,,
giuseppebertone,Giuseppe Bertone,,Developer Advocate,,,Swirlds Labs,,,,,,,,,149,Giuseppe Bertone,,Head of Decentralized Technology,Head of Blockchain & Distributed Ledger Technology,AlmavivA S.p.A.,CEO,Founder,Brainmote s.r.l.s.,Software Developer,Finsiel S.p.A.,Software Operator,,Provincia di Milano,,,,,,,,,,,,
gregcolvin,Greg Colvin,,Enigneer,developer,advisor,Colvin and Company,,,,,,,,,20,Greg Colvin,,Research Scientist,Engineer,Algorand,Consulting Engineer,,Ethereum,Code Cranker,"Metaweb Technologies, Inc.",Principal Member of Technical Staff,,Oracle Corporation,Representative,ISO - International Organization for Standardization,Senior Scientist,Information Management Research,,,,,,,,
gregorymarkou,Gregory Markou,,CFO,Co-founder,,ChainSafe Systems,,,,,,,,,108,Gregory Markou,,Professor,,George Brown College,CTO,Co-Founder,BORO,Instructor,The BlockchainHub,Lead Web Developer,Social Media Coordinator,Bookm,,,,,,,,,,,,
gregoryrocco,Gregory Rocco,,Co-founder,,,"Spruce Systems, Inc.",,,,,,,,,376,Gregory Rocco,,Product Manager,,TQ Tezos,Business Operation Manager,Product Strategy,ConsenSys,Product Strategist,Augmate,Associate Producer,,Sockeye Media LLC,,,,,,,,,,,,
hermanjunge,Herman Junge,,Lead Security Technical Manager,,,ConsenSys,,,,,,,,,162,Herman Junge,,,,,,,,,,,,,,,,,,,,,,,,
huazhang,Hua Zhang,,Engineer,,,Concensus Technologies,,,,,,,,,141,Hua Zhang,,Sr. Security Engineer,,The Ohio State University,AVP - Sr. Identity & Access Management Developer,,JPMorgan Chase & Co.,,,,,,,,,,,,,,,,,
hudsonjameson,Hudson Jameson,,CEO,,,Hudsworth Consulting,,,,,,,,,5,Hudson Jameson,,Various Roles,,Flashbots,OrgSec Lead,Network Upgrade Management,Ethereum,Co-Founder,Oaken Innovations,Software Developer,,USAA,Lead Technician,The Local Circuit,,,,,,,,,,
hyungsukkang,Hyungsuk Kang,,Founder,,,Standard Protocol,,,,,,,,,253,Hyungsuk Kang,,Senior Blockchain Developer,,Parallel Finance,Lead Software Engineer,,Astar Network,Head ambassador for East Asia,Polkadot,Software Engineer,,Terraform Labs,Software Engineer,SpeckleOS,Blockchain Research Engineer,Samsung Research America,Blockchain Engineer,Decentral,Software Developer,Rootee Health,Software Developer,CurvSurf,Research Assistant,Sungkyunkwan University
idogershtein,Ido Gershtein,,Researcher,,,DAOstack,,,,,,,,,472,Ido Gershtein,,Machine Learning Software Developer,,"CEVA, Inc.",,,,,,,,,,,,,,,,,,,,
ignaciomazzara,Ignacio Mazzara,,Engineer Manager,,,Decentraland,,,,,,,,,228,Ignacio Mazzara,,CTO,,Acadevor,Front-End Engineer,,Shiftgig,Sr Full Stack Developer,Southplans,Program Analyst,,PSF - Software Development,,,,,,,,,,,,
isaacpatka,Isaac Patka,,CTO,,,Bloom Protocol,,,,,,,,,270,Isaac Patka,,Data Engineer,,Cymer,Frontend Engineer,,ResearchConnection,,,,,,,,,,,,,,,,,
iurimatias,Iuri Matias,,Lead Developer,,,Status.im,,,,,,,,,548,Iuri Matias,,Web Development Manager,Development Team Lead,BetVictor,Senior Developer & Consultant,,intuitivo,Founder and Sole Developer,Shababoo,,,,,,,,,,,,,,,
jacobevans,Jacob Evans,,Blockchain Engineer,,,0x,,,,,,,,,430,Jacob Evans,,Senior Software Engineer,,Hooroo,Software Engineer,,RSA The Security Division of EMC,,,,,,,,,,,,,,,,,
jacquesdafflon,Jacques Dafflon,,Senior developer,,,informatics,blockchain developer,TrueLevel,,,,,,,33,Jacques Dafflon,,QA Engineer,,iden3,Mid Level Fullstack Developer,,Bity,Technical Student,CERN,,,,,,,,,,,,,,,
jalilwahdatehagh,Jalil Wahdatehagh,,Founder,,,Scapes Inc.,Founder,1001.digital,,,,,,,394,Jalil Wahdatehagh,,Tech & Product,,Skimio,Partner,,sehrgute.software,Tech & Product,PatientsBest,,,,,,,,,,,,,,,
jamesgrimmelmann,James Grimmelmann,,Tessler Family Professor,,,Cornell Tech,,,,,,,,,252,James Grimmelmann,,,,,,,,,,,,,,,,,,,,,,,,
jamesmorgan,James Morgan,,Co-founder,,,BlockRocket,,,,,,,,,361,James Morgan,,Software Architect,,Golf Management Group,Senior Software Engineer,,Equal Experts on The Co-op,Senior Software Engineer,GoEuro,Senior Software Engineer,,Valtech on LateRooms.comValtech,Senior Software Engineer Team Lead,Cake Solutions Ltd on TravelSupermarket.com,,,,,,,,,,
jamessangalli,James Sangalli,,Solidity Engineer,,,Perion,,,,,,,,,306,James Sangalli,,,,,,,,,,,,,,,,,,,,,,,,
jamestherien,James Therien,,Founder,,,Turing Complete Inc,,,,,,,,,449,James Therien,,,,,,,,,,,,,,,,,,,,,,,,
janturk,Jan Turk,,Solidity engineer,,,MRK,CEO,Informacijsko komunikacijske storitve,IT Manager,Elektromehanika Turk,Cisco Networking Instructor,Blockchain research & development,Telecommunications Faculty of Electrical Engineering,,60,Jan Turk,,,,,,,,,,,,,,,,,,,,,,,,
jaylogelin,Jay Logelin,,Tech Lead,Staff Software Engineer,,Protocol Labs,,,,,,,,,46,Jay Logelin,,Technical Leader,Smart Contract Standards,Near Inc,Technical Team Leader,Senior Principal Software Engineer,Dell Technologies,Co-Founder,Mineables,Technical Team Leader,Senior Consultant Software Engineer,Virtustream,Principal Software Engineer,EMC,Senior Application Engineer,Oracle,Senior Software Engineer,Medavie Blue Cross,,,,,,
jiangshanyu,Jiangshan Yu,,Senior Lecture,,,Monash University,Deputy Director,Algorand Centre of Excellence on Sustainability Informatics for the Pacific,Research Director,Monash Blockchain Technology Centre,,,,,453,Jiangshan Yu,,,,,,,,,,,,,,,,,,,,,,,,
jimmcdonald,Jim McDonald,,CTO,,,Attestant,,,,,,,,,68,Jim McDonald,,Founder,,Cognis,Chief Strategy Officer,,XIO Storage,CTO,EMC,,,,,,,,,,,,,,,
joachimlebrun,Joachim Lebrun,,Head of Blockchain,,,Tokeny,,,,,,,,,189,Joachim Lebrun,,Planning Manager,,Eurodye-CTC S.A.,,,,,,,,,,,,,,,,,,,,
joelthorstensson,Joel Thorstensson,,Co-founder,,,3Box Labs,,,,,,,,,148,Joel Thorstensson,,Software Engineer,Software Developer Internship,ConsenSys,,,,,,,,,,,,,,,,,,,,
joeltorstensson,Joel Torstensson,,Co-founder,,,3Box Lab,,,,,,,,,312,Joel Torstensson,,,,,,,,,,,,,,,,,,,,,,,,
joeysantoro,Joey Santoro,Wizard,Founder,,,Fei Protocol,,,,,,,,,209,Joey Santoro,,Software Engineer,,"Okta, Inc.",Co President,,Duke Blockchain Lab,Research Assistant,Duke University,,,,,,,,,,,,,,,
johnadler,John Adler,,Chief Research Officer,Co-founder,,Celestia Labs,,,,,,,,,124,John Adler,,,,,,,,,,,,,,,,,,,,,,,,
johnshiple,John Shiple,,CTO,,,,,,,,,,,,85,John Shiple,,,,,,,,,,,,,,,,,,,,,,,,
johnzettler,John Zettler,,Lead Product Manager,Wrapped Assets & Liquid Staking,,Coinbase,,,,,,,,,436,John Zettler,,,,,,,,,,,,,,,,,,,,,,,,
jonathanunderwood,Jonathan Underwood,,Chief Bitcoin Officer,,,Bitbank,,,,,,,,,150,Jonathan Underwood,,Project Manager,,JTB Global Marketing & Travel,Technical Consultant,,Bitcoin Tokyo,Social Games Consultant,GREE,Assistant Localization Producer,,BANDAI NAMCO Games Inc.,,,,,,,,,,,,
jordanschalm,Jordan Schalm,,Senior Software Engineer,,,Dapper Labs,,,,,,,,,435,Jordan Schalm,,Cat in the Hat,,CryptoKitties,Software Engineer,,Axiom Zen,Web Developer,Cumul8,Web Developer,,The Ubyssey Publications Society,Teaching Assistant,The University of British Columbia,,,,,,,,,,
jordibaylina,Jordi Baylina,,Tech Lead,,,Polygon,Tech Lead,iden3,,,,,,,36,Jordi Baylina,,Blockchain Teacher,,Universitat Politècnica de Catalunya,Co-Founder,,White Hat Group (WHG),Owner,MasterASP,Systems Engineer,,CIRSA,,,,,,,,,,,,
jorgeizquierdo,Jorge Izquierdo,,CEO,,,Aragon One,Co-founder,Aragon,,,,,,,42,Jorge Izquierdo,,CTO,,Unpatent,,,,,,,,,,,,,,,,,,,,
joshklopfenstein,Josh Klopfenstein,,Junior Developer,,,Nethermind,Undergraduate Researcher,The University of Texas at San Antonio,,,,,,,484,Josh Klopfenstein,,Data Science Intern,,National Security Agency,,,,,,,,,,,,,,,,,,,,
joshuatan,Joshua Tan,,PhD in computer science,,,Oxford,,,,,,,,,218,Joshua Tan,,,,,,,,,,,,,,,,,,,,,,,,
juanblanco,Juan Blanco,,Founder,,,Nethereum,,,,,,,,,354,Juan Blanco,,"Blockchain, Architecture, Engineering",,ConsenSys,Senior Application Architect,,CSC,Senior Technical Architect,Sage,Technical Lead Systems Developer,,Advantica,,,,,,,,,,,,
julianorizzo,Juliano Rizzo,,CEO,Founder,,Coinspect,,,,,,,,,70,Juliano Rizzo,,Security Researcher,,netifera,Exploit Developer,Security Consultant,Core Security Technologies,,,,,,,,,,,,,,,,,
juliansvirsky,Julian Svirsky,,CEO,,,ATLANT,,,,,,,,,332,Julian Svirsky,,Head of Equity and Derivative Structuring/Sales,,Sberbank CIB,Head of Equity Derivative Structuring/Sales,,BNP Paribas,VP Derivative Sales,Renaissance Capital,VP Trader/Analyst,,Epoch Investment Partners Inc.,Trader,Geosphere Capital Management LLC,,,,,,,,,,
juliantraversa,Julian Traversa,,Founder,,,Swivel Finance,,,,,,,,,241,Julian Traversa,,KERNEL Fellow,,Gitcoin,CEO,Founder,"Nescience Software & Capital, LLC",,,,,,,,,,,,,,,,,
juliofaura,Julio Faura,,CEO,,,Adhara,,,,,,,,,118,Julio Faura,,Head of R&D and Head of Blockchain,Head of Corporate Development ,Banco Santander,Associate Principal,,McKinsey & Company,Head of Research & Development,SIDSA,Head of Customer Science,,GreenZebras,,,,,,,,,,,,
justindrake,Justin Drake,Researcher,,,,,,,,,,,,,519,Justin Drake,,,,,,,,,,,,,,,,,,,,,,,,
kashishkhullar,Kashish Khullar,,Graudate Research Assistant,,,Arizona State University,,,,,,,,,37,Kashish Khullar,,,,,,,,,,,,,,,,,,,,,,,,
katrinadonaghy,Katrina Donaghy,,CEO,,,Civic Ledger,Advisor,Seed Space Venture Capital,,,,,,,553,Katrina Donaghy,,Program Mentor - Blockchain,,RMIT Online,Co Founder,,openCoLab,Co-hort,iSpruik,Business Development Manager,,Asthma Foundation Queensland,Vice President,Strathpine Community Kindergartern Inc,Development Manager,Playgroup Queensland,Grants Manager,Queensland Urban Utilities,,,,,,
keikreutler,Kei Kreutler,,Strategy,,,GNOSIS.,,,,,,,,,389,Kei Kreutler,,,,,,,,,,,,,,,,,,,,,,,,
kevinbritz,Kevin Britz,,Senior Software Engineer,,,Coinbase,,,,,,,,,363,Kevin Britz,,Co-Founder,,Astro Wallet (acq. Coinbase),Software Engineer,,Airbnb,Software Engineer,ChangeTip,Co-Founder,,Obsidian,,,,,,,,,,,,
kevinowocki,Kevin Owocki,,Founder,,,supermodular.xyz,,,,,,,,,81,Kevin Owocki,,DAO Member,,GitcoinDAO,CEO,Founder,Gitcoin Holdings,Engineer,Occipital,Blockchain Engineer,,Independent,,,,,,,,,,,,
kevinseagraves,Kevin Seagraves,,CEO,Co-founder,CTO,NiftyApes,,,,,,,,,510,Kevin Seagraves,,Apprentice,,Monastic Academy,Head of Product,Founder,"Charge Technology Group, Inc.",Lead Engineer and Product Manager,Gitcoin,Researcher,,ETHSecurity,Blockchain Engineer,BCG Digital Ventures,Information Coordinator,Leave No Trace Center For Outdoor Ethics,,,,,,,,
kevinthizy,Kevin Thizy,,Senior Consultant,,,InTech,,,,,,,,,465,Kevin Thizy,,Android developper internship,,Creatiwity,,,,,,,,,,,,,,,,,,,,
kirylyermakou,Kiryl Yermakou,,Blockchain Consultanting,,,Empire Tech LLC,,,,,,,,,447,Kiryl Yermakou,,Web Engineer,,Fondu,Frontend Engineer,,5ivepoints,,,,,,,,,,,,,,,,,
kristijansedlak,Kristijan Sedlak,,Software Development Consultant,,,Genobank.io,,,,,,,,,134,Kristijan Sedlak,,CTO,Founder,0xcert,CTO,,Doctrina,CTO,Mandatela d.o.o.,CTO,,Moderna Ventures SA,,,,,,,,,,,,
kristofgazso,Kristof Gazso,,CEO,Founder,,Pimlico,,,,,,,,,466,Kristof Gazso,,researcher,,Nethermind,ethereum core dev,,Ethereum,,,,,,,,,,,,,,,,,
kyledenhartog,Kyle Den Hartog,,Senior Cryptographic Security Engineer,,,Brave Software,Director & Principal Consultant,PryvIT,,,,,,,542,Kyle Den Hartog,,Senior Software Engineer,,MATTR,Software Engineer,,Evernym (an Avast company),Information Security Engineer,"ProCircular, Inc.",,,,,,,,,,,,,,,
lanerettig,Lane Rettig,,member,,,Ewasm team,,,,,,,,,451,Lane Rettig,,,,,,,,,,,,,,,,,,,,,,,,
laurentaapro,Laurent Aapro,,Advisor,,,StealthCompany,,,,,,,,,335,Laurent Aapro,,,,,,,,,,,,,,,,,,,,,,,,
lauritzleifermann,Lauritz Leifermann,,Product Engineer,,,Spherity,,,,,,,,,408,Lauritz Leifermann,,Software Engineer,,communicode AG,,,,,,,,,,,,,,,,,,,,
leeraj,Lee Raj,,Technical Project Manager,,,ChainSafe Systems,,,,,,,,,117,Lee Raj,,Tech Lead,Developer Advocate,Yesbit Technology Ltd.,Blockchain Developer,Blockchain Technical Writer,Upwork,Solidity Developer,DREAM Ecosystem,Full Stack Developer,,SalesHub,Quality Engineer,Celestica,Co-founder,Cyfro Inc.,Engineering Intern,Halliburton,,,,,,
leoarias,Leo Arias,,Sailing Master,,,Flashbots,,,,,,,,,446,Leo Arias,,Security Researcher,,OpenZeppelin,Quality Engineer,,Openbravo,Quality Engineer,La Jolla Gaming,,,,,,,,,,,,,,,
leonidlogvinov,Leonid Logvinov,,Lead Software Engineer,,,Token Flow Insights SA,,,,,,,,,301,Leonid Logvinov,,Senior Software Engineer,,MakerDAO,Legal Intern,,SSW Pragmatic Solutions,Software Engineer,0x,Software Engineer,,Neufund,Software Engineer Internship,Quora,Founder,MixTube,Software Engineer,Growbots Inc.,Software Engineer Intern,CodiLimeCodiLime,,,,
lirazsiri,Liraz Siri,Meta steward,,,,,,,,,,,,,355,Liraz Siri,,CEO,,TabooKey,Co-founder,,First,Co-Founder,TurnKey Linux,,,,,,,,,,,,,,,
longvuong,Long Vuong,,CEO,Founder,,Tomochain Lab Pte. Ltd. & TomoChain Vietnam,,,,,,,,,393,Long Vuong,,,,,,,,,,,,,,,,,,,,,,,,
loredanacirstea,Loredana Cirstea,,Lead Software Engineer,,,The Laurel Project,Technical Programmer and Director,Kuip Limited,,,,,,,111,Loredana Cirstea,,Software Engineer Contractor,,brainbot labs Est.,Web Developer,,Golem Digital SRL,Project Manager,Sapiens Mapping Project,,,,,,,,,,,,,,,
louisguthmann,Louis Guthmann,,Product and research,,,StarkWare,,,,,,,,,353,Louis Guthmann,,Founder,,Stealth Startup,Data Scientist,,"Check Point Software Technologies, Ltd.",Founder & Data Scientist,Lookies,Product Manager,,Chauffeur Privé,,,,,,,,,,,,
lucascullen,Lucas Cullen,,Visionary,,,DLTx,Blockchain Mentor,RMIT University,Bitcoin Consultant & Developer,Bitcoin Brisbane,,,,,104,Lucas Cullen,,Bitcoin Engineer,,Firmus Grid,Chief Technology Adviser,,The Payment App,Blockchain Developer,Bartercard Australia,Blockchain Developer,,Geora,Board Member,Blockchain Australia,Blockchain Gun,ConsenSys,Blockchain Developer,Virtue Poker,Lead Blockchain SME,Avanade,Blockchain Content Creator,Blockchain Academy Australia,Software Engineering Team Leader,Bank of Queensland
lucvankampen,Luc van Kampen,,Developer Relations,,,Ethereum Name Service,,,,,,,,,240,Luc van Kampen,,Software Development Consultant,,The Sting,Full Stack Developer,,Passionate People - JavaScript Consultancy,Software Development Consultant,Triple,Software Development Consultant,,The HEINEKEN Company,Full Stack Developer,Codana,Software Engineer,the eForum Factory,,,,,,,,
lukakacil,Luka Kacil,,CTO,Co-founder,,Shovels,,,,,,,,,549,Luka Kacil,,,,,,,,,,,,,,,,,,,,,,,,
lukasschor,Lukas Schor,,Co-founder,,,Safe,,,,,,,,,194,Lukas Schor,,Project Lead,,Gnosis,Marketing Manager,,The Argon Group,Organizing Committee,Tech Open Air,Global Product Plattform Management,,Bosch Switzerland,,,,,,,,,,,,
manuelolivi,Manuel Olivi,,Head Of Operations,,,Noku.io,CTO,Noku North Europe,Founder,IKI Lab LTD,,,,,523,Manuel Olivi,,,,,,,,,,,,,,,,,,,,,,,,
marcgarreau,Marc Garreau,Core developer,,,,,,,,,,,,,508,Marc Garreau,,Author,,Manning Publications Co.,Developer,,Cognizant Quick Left,Developer,303 Software,Product Analyst,,SupportLocal,Chief Information Dude,Hot Box Denver BBQ,CRM Specialist,Pearson Learning Solutions,Android Mobile Development Intern,Allogy Interactive,,,,,,
mariusvanderwijden,Marius Van Der Wijden,Software Developer,,,,,,,,,,,,,226,Marius Van Der Wijden,,Open Source Developer,,Ethminer,Co-Founder,,SM² Network,Senior Consultant (Blockchain),Bulb UG,,,,,,,,,,,,,,,
markbeylin,Mark Beylin,,Co-founder,,,Myco,,,,,,,,,56,Mark Beylin,,Software Developer,,ConsenSys,CEO,,Bounties Network,Blockchain Innovation Analyst,Rubix by Deloitte,Solutions Prototype Developer,,Manulife Financial,,,,,,,,,,,,
martinholstswende,Martin Holst Swende,Go-ethereum maintainer and Ethereum security guy,CEO,Founder,Security Consultant,Dyno Security AB,,,,,,,,,2,Martin Holst Swende,,Information Security Senior Specialist,,Nasdaq,Senior Security Consultant,,2Secure Inspect it AB,Consultant,MSC Konsult AB,Software Developer,,Yahoo!,Software Developer,Kenet Works AB,,,,,,,,,,
matiasarazi,Matias Arazi,,Blockchain Developer,,,Zerti,,,,,,,,,406,Matias Arazi,,,,,,,,,,,,,,,,,,,,,,,,
mattgarnett,Matt Garnett,Software Engineer,Adjunct Lecturer,,,University of Colorado Boulder,,,,,,,,,145,Matt Garnett,,Research Engineer,,ConsenSys,,,,,,,,,,,,,,,,,,,,
mattlockyer,Matt Lockyer,,Founder,,,Soloblock Solutions Inc.,Many hats,Proximity,,,,,,,48,Matt Lockyer,,Developer Relations Director,,NEAR Protocol,Developer Relations,,Harmony,Lead Software Engineer,"Jamm Music, Inc.",Token Engineering & Mechanism Design,,Wireline.io,Token Engineering Advisor,FansUnite Entertainment Inc.,,,,,,,,,,
mattluongo,Matt Luongo,,CEO,,,Thesis,,,,,,,,,299,Matt Luongo,,CEO,Board Member,Ford Inc,Technical Advisor,Head of Research,Insightpool,Tech Lead,Agency Spotter,CTO,,Scholrly,,,,,,,,,,,,
mattrusso,Matt Russo,,Co-founder,Lead Blockchain Engineer,,R.A.R.E Art,,,,,,,,,311,Matt Russo,,,,,,,,,,,,,,,,,,,,,,,,
mattsolomon,Matt Solomon,,Co-founder,,,Floatify,,,,,,,,,499,Matt Solomon,,,,,,,,,,,,,,,,,,,,,,,,
mehmetsabirkiraz,Mehmet Sabir Kiraz,,Program leader of Cyber Security and Digital Forensics,Senior Lecturer,,De Montfort University,,,,,,,,,357,Mehmet Sabir Kiraz,,Senior Researcher,,nChain,Director of Blockchain Research lab,,TÜBİTAK BİLGEM,,,,,,,,,,,,,,,,,
micahzoltu,Micah Zoltu,,Founder,,,Serv.eth Support,,,,,,,,,19,Micah Zoltu,,,,,,,,,,,,,,,,,,,,,,,,
michaelseiler,Michael Seiler,,Director,,,Prussian Castle and Garden Foundation,,,,,,,,,434,Michael Seiler,,,,,,,,,,,,,,,,,,,,,,,,
michaelzargham,Michael Zargham,,CEO,Founder,,BlockScience,Strategic Advisor,BlockScience Lab,,,,,,,560,Michael Zargham,,Ecosystem Architect,,The Commons Stack,"Advisor, Data & Markets",,StreetWire,Advisor,Decenture,Scientist,,50X Ventures,Systems Engineering,ODEM.IO,Mathemagician,Fr8 Network,"Advisor, Systems Engineering","Sweetbridge, Inc.",,,,,,
mikhailkalinin,Mikhail Kalinin,developer,,,,,,,,,,,,,190,Mikhail Kalinin,,,,,,,,,,,,,,,,,,,,,,,,
mikhailmelnik,Mikhail Melnik,,Lead Blockchain Developer,,,1inch Network,,,,,,,,,374,Mikhail Melnik,,Blockchain Developer,,MultiToken,Software Engineer,,Astra,Software Engineer,Machine Learning Works,Software Engineer,,"Doctor Web, Ltd.",,,,,,,,,,,,
mojtabatefagh,Mojtaba Tefagh,,Blockchain Programme Manager,,,The University of Edinburgh,Assistant Professor,Sharif University of Technology,,,,,,,367,Mojtaba Tefagh,,Industry Mentor,,Binance Academy,Research Fellow,,Binance X,Fellow,Insight Data Science,,,,,,,,,,,,,,,
muditgupta,Mudit Gupta,,Blockchain Engineer,,,Polymath.,,,,,,,,,239,Mudit Gupta,,Software Developer,,Somish,,,,,,,,,,,,,,,,,,,,
naimashhab,Naim Ashhab,,Smart contract developer,,,PWN.finance,,,,,,,,,286,Naim Ashhab,,Senior iOS Developer,,Rohlik Group,iOS Developer,,Cleverlance,iOS Developer,Anywhere s.r.o.,Junior iOS Developer,,24U s.r.o.,,,,,,,,,,,,
nathanginnever,Nathan Ginnever,,Protocol Engineer,,,Gnosis,Founder,Finality Labs,,,,,,,180,Nathan Ginnever,,Security Researcher,,Least Authority,Research And Development Engineer,,SpankChain,Founder,blockEDU,Software / Ethereum Engineer,,Storj,Blockchain Developer,Digital Money Corp,Web Developer,LazyCoins,,,,,,,,
nickgheorghita,Nick Gheorghita,Snake Charmer,,,,,,,,,,,,,154,Nick Gheorghita,,,,,,,,,,,,,,,,,,,,,,,,
nickjohnson,Nick Johnson,,Lead Developer,Founder,,Ethereum Name Service,,,,,,,,,10,Nick Johnson,,Software Engineer,,Ethereum,Senior Software Engineer,,Google,Senior Software Engineer,Lumi,Software Engineer,,spider.io,Platform Engineer,Smart Sparrow,Software Engineer,Telogis,Software Engineer,Haydrian Corporation,,,,,,
nickmudge,Nick Mudge,,Smart Contract Tech Advisor,,,Perfect Abstractions LLC,,,,,,,,,16,Nick Mudge,,CTO,Lead Solidity Developer,Pixelcraft Studios,Design Services Engineer,,Inductive Automation,HMI Developer,Calmetrics,Programmer,,Minnick Web Services,,,,,,,,,,,,
nicolasventuro,Nicolas Venturo,,Blockchain Engineer,,,Balancer Labs,,,,,,,,,584,Nicolas Venturo,,Blockchain Engineer,,OpenZeppelin,Firmware Engineer,,Bluesmart,Firmware Engineer,SURIX SRL,Embedded Software Engineer,,CRAN.IO,Research and Development Engineer,Benito Roggio ferroindustrial,Firmware Developer,Patagonic Labs,,,,,,,,
noahzinsmeister,Noah Zinsmeister,,Engineer lead,,,Uniswap,,,,,,,,,511,Noah Zinsmeister,,,,,,,,,,,,,,,,,,,,,,,,
oliverterbu,Oliver Terbu,,Blockchain Architect,Co-chair Authentication WG,,Decentrailized Identity Foundation,,,,,,,,,275,Oliver Terbu,,,,,,,,,,,,,,,,,,,,,,,,
patrickgallagher,Patrick Gallagher,,Coder,Founder,,One Click Dapp,,,,,,,,,340,Patrick Gallagher,,,,,,,,,,,,,,,,,,,,,,,,
patrickmccorry,Patrick McCorry,,Intern,,,Infura,,,,,,,,,582,Patrick McCorry,,CEO,,anydot,Assistant Professor,,King's College London,Research Associate (Blockchain),UCL,Visiting Scholar (Cryptocurrency),,University of Illinois at Urbana-Champaign,PhD in Bitcoin and Security Engineering,Newcastle University,,,,,,,,,,
paulbouchon,Paul Bouchon,,Senior Software Engineer,,,Fastly,,,,,,,,,57,Paul Bouchon,,Senior Software Engineer,,MetaMask,Senior Software Engineer,,SitePen,Software Engineer,IBM,,,,,,,,,,,,,,,
pawelbylica,Pawel Bylica,,Full Stack Developer,,,Cube Code,,,,,,,,,83,Pawel Bylica,,,,,,,,,,,,,,,,,,,,,,,,
payomdousti,Payom Dousti,,CEO,Co-founder,,Cozy Finance,,,,,,,,,567,Payom Dousti,,Cofounder,,Rare Bits,Director of Product,,FanDuel Inc.,Chief Product Officer,numberFire,Product Manager,Software Engineer,My City Way,Software Engineer,Tenlegs,,,,,,,,,,
pedrogomes,Pedro Gomes,,Co-founder,,,WalletConnet,,,,,,,,,120,Pedro Gomes,,Full Stack Engineer,,Connext Inc.,Director,,WalletConnect Association,Full Stack Engineer,Balance.io,Frontend Web Developer,,Loot Financial Services Ltd.,,,,,,,,,,,,
pellebraendgaard,Pelle Braendgaard,,CEO,,,Notabene,,,,,,,,,53,Pelle Braendgaard,,uPort Technical Lead,,ConsenSys,CTO,,uPort,Blockchain Consultant,Raise,Co Founder,,Mondome,Consultant,NASDAQ Private Market,Senior Software Engineer,Trumaker,,,,,,,,
petergrassberger,Peter Grassberger,,Software Developer,,,lab10 collective eG,,,,,,,,,160,Peter Grassberger,,Founder,Owner,Peter Grassberger,,,,,,,,,,,,,,,,,,,,
peterjihoonkim,Peter Jihoon Kim,,Head of Engineering,,,Coinbase,,,,,,,,,159,Peter Jihoon Kim,,,,,,,,,,,,,,,,,,,,,,,,
peterszilagyi,Peter Szilagyi,Core developer,,,,,,,,,,,,,18,Peter Szilagyi,,,,,,,,,,,,,,,,,,,,,,,,
philippbolte,Philipp Bolte,,ERP Cloud,,,Bolte LLC,,,,,,,,,268,Philipp Bolte,,,,,,,,,,,,,,,,,,,,,,,,
philippecastonguay,Philippe Castonguay,,Director of Product,,,OxHorizon,,,,,,,,,177,Philippe Castonguay,,Community Manager,,0x Labs,,,,,,,,,,,,,,,,,,,,
phyrextsai,Phyrex Tsai,,Founder,,,Portal Network,,,,,,,,,54,Phyrex Tsai,,Full Stack Engineer,,migme,Technical Assistant,,"Institute of Information Science, Academia Sinica",,,,,,,,,,,,,,,,,
pierrickturelier,Pierrick Turelier,,Smart Contract Engineer,,,PoolTogether Inc.,,,,,,,,,396,Pierrick Turelier,,Front-End Developer,,MeilleursAgents.com,Front-End Developer,,JS-Republic,Front-End Developer,Oxynum,Motion Designer,,Clic'nGo,Video Journalist,Rennes TV,,,,,,,,,,
piotrdyraga,Piotr Dyraga,,Tech Lead,,,Akena,,,,,,,,,427,Piotr Dyraga,,Senior Software Engineer,,SoftwareMill,Senior Software Engineer,,Amartus,Senior Java Programmer,hurra.com™,Software Engineer,,Jagiellonian University,Associate Software Engineer,Sabre Holdings,,,,,,,,,,
pol-malolebris,Pol-Malo Le Bris,,Journaliste,,,Option Finance,,,,,,,,,382,Pol-Malo Le Bris,,Rédacteur financier,,IEFP - La finance pour tous,,,,,,,,,,,,,,,,,,,,
raphaelroullet,Raphael Roullet,,Head,,,Identity at Violet,,,,,,,,,388,Raphael Roullet,,Co-Founder,,Onirix VR,Product Manager,,Kolibree,Head of Marketing,Careerscore,International Project Manager,,SoftBank Robotics Europe,Digital marketing assistant,Parrot,President,HelloWorld!EDHEC,,,,,,,,
remcobloemen,Remco Bloemen,,Head of blockchain,,,Worldcoin,Founding Partner,Wicked Ventures,,,,,,,29,Remco Bloemen,,Technical Fellow,,0x,VP of Engineering,Co-Founder,Neufund,CTO,Coblue Cybersecurity B.V.,CTO,Founder,Qubis,,,,,,,,,,,,
richardmeissner,Richard Meissner,,Co-founder,,,Safe,,,,,,,,,82,Richard Meissner,,Technical Team Lead,,Gnosis,Android Lead,,Dubsmash,Jr Software Engineer,mobile.international GmbH,,,,,,,,,,,,,,,
richardmoore,Richard Moore,,Lead Developer,Founder,,Ethereum Name Service,,,,,,,,,22,Richard Moore,,,,,,,,,,,,,,,,,,,,,,,,
rjcatalano,RJ Catalano,,Senior Engineer,,,Knights of Degen,,,,,,,,,504,RJ Catalano,,L1 Developer,,Keeta,Chief Architect and Head of Engineering,,LeagueDAO,Professor,Trilogy Education,Head of Ecosystem Development,,Earl Grey Tech,Senior Software Engineer and Researcher,Qtum Foundation,Blockchain Consultant,"Concurrency, Inc.",Senior Software Engineer,Healthereum,Smart Contract Engineer,imbrex,Blockchain Consultant,IT People Corporation,Contractor,Ethereum
robertobayardo,Roberto Bayardo,,Software Engineer,,,Coinbase,,,,,,,,,386,Roberto Bayardo,,Distinguished Software Engineer,,Google,Research Staff Member,,IBM,,,,,,,,,,,,,,,,,
robertogorini,Roberto Gorini,,CEO,Founder,,Noku AG,,,,,,,,,458,Roberto Gorini,,,,,,,,,,,,,,,,,,,,,,,,
ronansandford,Ronan Sandford,,Founder,,,Etherplay,,,,,,,,,9,Ronan Sandford,,Lead Blockchain Architect,,Pixowl,Blockchain Architect,,Validity Labs AG,Lead Blockchain Developer,Festy,Senior Game Developer,,Outplay Entertainment Ltd,Senior Game Developer,King,Game Developer,Electronic Arts,Web Server developer,Procentris,,,,,,
rosscampbell,Ross Campbell,,Legal Engineer,,,OpenLaw.,,,,,,,,,206,Ross Campbell,,COO,Co-Founder,Launch Token,Corporate Associate,,Hunton Andrews Kurth LLP,Summer Associate,Andrews Kurth LLP,,,,,,,,,,,,,,,
ryanghods,Ryan Ghods,,Senior Software Engineer,,,OpenSea,,,,,,,,,318,Ryan Ghods,,Software Engineer,,Ethereum Foundation,Product Marketing Manager,,Axial,Product Marketing,HubSpot,Product Manager,,8ninths,Product Marketing,Box,,,,,,,,,,
sachasaint-leger,Sacha Saint-Leger,,Builder,,,hackingresear.ch.,,,,,,,,,364,Sacha Saint-Leger,,,,,,,,,,,,,,,,,,,,,,,,
sachintomar,Sachin Tomar,,CTO,Co-founder,,Biconomy,,,,,,,,,578,Sachin Tomar,,Sr.Software Engineer I,,MakeMyTrip,Software Engineer,,Samsung Electronics,,,,,,,,,,,,,,,,,
santiagopalladino,Santiago Palladino,,Principal Enginner,,,Aztec,Council Member,Graph,Technical Member,Zeitgeist,,,,,116,Santiago Palladino,,Professional development,,Career Break,Director of Development,,OpenZepplelin,Tech Project Manager,Manas Technology Solutions,Teaching Assistant,,Universidad de Buenos Aires,Developer & Analyst,Braier y Asociados Consultores,Application Developer,Quantum System,Developer,Sistemas Bejerman S.A.,,,,,,
scottburke,Scott Burke,,Senior Software Engineer,,,Censo Custody,,,,,,,,,441,Scott Burke,,LAN/WAN Network Specialist,,EtherWAN Systems Inc.,IT Manager,,Facilities Technology Group,,,,,,,,,,,,,,,,,
seandarcy,Sean Darcy,,Business Operations,,,Meta,,,,,,,,,274,Sean Darcy,,Director of Revenue Operations,,Kustomer,Marketing Operations Manager,,Magnetic,Marketing Automation Manager,SkillSurvey,,,,,,,,,,,,,,,
seangulley,Sean Gulley,,Co-founder,,,Supranational,,,,,,,,,351,Sean Gulley,,Principal Engineer,,Intel Corporation,,,,,,,,,,,,,,,,,,,,
seanpapanikolas,Sean Papanikolas,,Senior Software Engineer,,,Kraken Digital Asset Exchange,,,,,,,,,126,Sean Papanikolas,,Founder,,Cargo,Senior Software Engineer,,"BlueOwl, LLC",Developer,HAUS Los Angeles,Frontend Developer,,Overstock.com,Owner,St George Web Design,,,,,,,,,,
sergiodemianlerner,Sergio Demian Lerner,,Chief Scientist,,,IOV Labs,Technical Advisor,CoinFabrik,Security Auditor,CoinFabrik,,,,,157,Sergio Demian Lerner,,Advisor,,Wayniloans,Security Auditor,,Coinspect,Co-founder,RSK Labs,Chief Scientist,,Doosra Inc.,Security Auditor,Bitcoin Foundation,Project Lead,NimbleCoin,CEO,Certimix,Software R&D Manager,ATI- Advanced Medical Technologies Ltd,Chief Software Arquitect,ATI Medical,Consulting,Core Security Technologies
shahafnacson,Shahaf Nacson,,Security Engineer,Cryptography,,Trail of Bits,,,,,,,,,572,Shahaf Nacson,,,,,,,,,,,,,,,,,,,,,,,,
shanejonas,Shane Jonas,,Senior Full Stack Engineer,,,ConsenSys,,,,,,,,,112,Shane Jonas,,"Co-Team Lead, Tooling",,ETC Labs Core,Javascript Developer,,ETCDEV,Senior Software Engineer,Battlefy,Mobile Web Application Developer,,Polar Mobile,Network System Analyst,TransUnion Canada,,,,,,,,,,
shudong,Shu Dong,,Software Engineer,,,Facebook Meta,,,,,,,,,229,Shu Dong,,President,,ABC Blockchain Community,Software Engineer Intern,,Factual Inc,,,,,,,,,,,,,,,,,
simonjentzsch,Simon Jentzsch,,Vice President,,,Blockchains LLC,Founder,Slock.it,,,,,,,69,Simon Jentzsch,,Berater und Entwickler,,Community4you GmbH,Projektleiter und Softwareentwickler,,Cybay New Media GmbH,,,,,,,,,,,,,,,,,
simontian,Simon Tian,,CTO,Founder,,Fonus,Co-founder,Global,Thiel Fellow,The Thiel Foundation,CTO,Founder,Neptune,,192,Simon Tian,,,,,,,,,,,,,,,,,,,,,,,,
sinamahmoodi,Sina Mahmoodi,Software engineer,,,,,,,,,,,,,152,Sina Mahmoodi,,,,,,,,,,,,,,,,,,,,,,,,
sohamzemse,Soham Zemse,Software Developer,Open Source Blockchain Developer,,,,,,,,,,,,147,Soham Zemse,,Blockchain Developer,,Era Swap Technologies,Web Developer Intern,,Junekto Technologies Private Limited,,,,,,,,,,,,,,,,,
thomasjayrush,Thomas Jay Rush,,Owner,,,"TrueBlocks, LLC",,,,,,,,,467,Thomas Jay Rush,,,,,,,,,,,,,,,,,,,,,,,,
tjadenhess,Tjaden Hess,,Security Enginner,Cryptography,,Trail of Bits,,,,,,,,,12,Tjaden Hess,,Graphics Formal Verification Engineer,,Apple,Test Engineer,,Green Hills Software,Student Engineer,Draper,,,,,,,,,,,,,,,
tobiasoberstein,Tobias Oberstein,,CTO,,,ProTagged,Managing Director,typedef int GmbH,,,,,,,24,Tobias Oberstein,,Senior Consultant,,Siemens Digital Industries Software,CEO,Founder,Crossbar.io,Team Lead,Simple Things,Senior Risk Management Consultant,,FIS,,,,,,,,,,,,
tomaszkajetanstanczak,Tomasz Kajetan Stanczak,,Founder,,,Nethermind,Founder,Oiler Network,CEO,Twinstake,,,,,244,Tomasz Kajetan Stanczak,,Software Developer,,Rokos Capital Management,"VP, FX eTrading Technology",Senior Programmer Analyst,Citi,Software Developer,CME Group / Elysian Systems,Software Developer,,itelligence,Software Developer,ComArch SA,,,,,,,,,,
tomaszstanczak,Tomasz Stanczak,,Founder,,,Nethermind,Founder,Oiler Network,CEO,Twinstake,,,,,359,Tomasz Stanczak,,,,,,,,,,,,,,,,,,,,,,,,
tombrand,Tom Brand,,Product and research,,,StarkWare,,,,,,,,,144,Tom Brand,,,,,,,,,,,,,,,,,,,,,,,,
tomcarchrae,Tom Carchrae,,CEO,,,Intellecti.ca,,,,,,,,,308,Tom Carchrae,,CTO,,Finhaven,CTO,,New District,Backend Developer,Blue Terminal Research Analytics,Director of Optimization Architecture,,Reclaim IO,CTO,Intro-Up,Monkey,Foodtree,Team Lead of Technology Platform Group,Actenum,PhD Student,Cork Constraint Computation Centre,,,,
tommynicholas,Tommy Nicholas,,CEO,,,Alloy APIs,,,,,,,,,52,Tommy Nicholas,,Head of Product,,Knox Payments,Owner,,Web/Mobile Freelancing,Software Developer,SHOCKOE.COM LLC,Founder,,The City Swig,Booking Manager,Rotary Tiger,Enumerator,US Census Bureau,,,,,,,,
tonymalghem,Tony Malghem,,CTO,,,Tokeny,,,,,,,,,372,Tony Malghem,,Technical Expert,,CGI au Luxembourg,Software Engineer,,Praxedo,,,,,,,,,,,,,,,,,
tonysheng,Tony Sheng,,Co-founder,,,Cozy Finance,,,,,,,,,422,Tony Sheng,,Principal,,Multicoin Capital,Product Lead,,Decentraland Foundation,Product Manager,Google,Product Manager,,AltspaceVR,Cofounder,TownHall,Marketing Lead,ZEFR,Business Analyst,McKinsey & Company,,,,,,
touficbatrice,Toufic Batrice,,Applied Cryptographer,,,Intu,,,,,,,,,570,Toufic Batrice,,,,,,,,,,,,,,,,,,,,,,,,
varundeshpande,Varun Deshpande,,Co-founder,,,Juno,Co-founder,Nuo Network,,,,,,,368,Varun Deshpande,,Co-Founder,,BeeWise,"AVP, Marketing",,Toppr.com,Co-Founder,TopTalent.in,,,,,,,,,,,,,,,
victormaia,Victor Maia,,Lead Developer,,,Kind-Lang,,,,,,,,,439,Victor Maia,,Researcher,,Ethereum,Lead Developer,,Stone,Software Engineer,ShapeShift.io,Software Engineer,,Órama Investimentos,,,,,,,,,,,,
viktorpernjek,Viktor Pernjek,,Full Stack Engineer,,,Taxtris,,,,,,,,,402,Viktor Pernjek,,React Native Engineer,,Standard Protocol,Mobile Application Developer,,StellarPlatform,Software Developer,Innovation Institute,Junior Consultant,,Investinženjering d.o.o.,,,,,,,,,,,,
vincenteli,Vincent Eli,,President,Blockchain Developer,,S3 LABS,,,,,,,,,105,Vincent Eli,,,,,,,,,,,,,,,,,,,,,,,,
vitalikbuterin,Vitalik Buterin,Founder Ethereum,Bitcoin Magazine writer,,,,,,,,,,,,1,Vitalik Buterin,g. nicholas d?????andrea,,,,,,,,,,,,,,,,,,,,,,,
vittoriominacori,Vittorio Minacori,,CEO,Co-founder,,NONCEPT,Blockchain Developer,FriendsFingers,,,,,,,84,Vittorio Minacori,,Web and Blockchain Developer,,PED,CTO,,CharityStars,CTO,AidCoin,Software Engineer,Full Stack Developer,PMF Research,Software Engineer,JO Group,Software Engineer,VITECO e-Learning Solutions,Software Engineer,HT Apps,IT Manager,Semori,,,,
vunguyen,Vu Nguyen,,Software Engineer,,,Arista Networks,,,,,,,,,242,Vu Nguyen,,Student Ambassador,,Drexel University College of Computer and Electrical Engineering,System Software Engineer,,Unisys,Data Analyst,PJM Interconnection,,,,,,,,,,,,,,,
waynechang,Wayne Chang,,CEO,Co-founder,,"Spruce Systems, Inc.",,,,,,,,,198,Wayne Chang,,Proprietor,,WYC Technology,Sabbatical,,Recurse Center,Director,ConsenSys,Head of Product,,Alpine,CTO,Concierge/Stat,,,,,,,,,,
weijiazhang,Weijia Zhang,,VP of Engineering,,,Wanchain,Cognitive Architect,The Learning City,,,,,,,171,Weijia Zhang,,Founder,,A Next Generation EdTech Startup,Principal Platform Software Engineer,,Dell,,,,,,,,,,,,,,,,,
weitang,Wei Tang,,Core developer,,,paritytech,,,,,,,,,78,Wei Tang,,,,,,,,,,,,,,,,,,,,,,,,
weiwuzhang,Weiwu Zhang,,CTO,Founder,,Smart Token Labs,Director,Computer Graphic and Cryptographic Technology,Member,Cointelegraph Innovation Circle,,,,,40,Weiwu Zhang,,Blockchain Architect,,Commonwealth Bank of Australia,Owner,,Real Softservice,,,,,,,,,,,,,,,,,
wilkinschung,Wilkins Chung,,Founder,,,Manifold.xyz,,,,,,,,,243,Wilkins Chung,,Board Member,Co-Founder,A thinking Ape,Software Development Manager,,Amazon,,,,,,,,,,,,,,,,,
williamentriken,William Entriken,,General Manager,,,Pacific Medical Training,Advisor,Arianee,Independent Consultant,Wm Entriken Design & Consulting,Advisor,0xcert,,,30,William Entriken,,Advisor,,BLMP,Senior Financial Analyst,,CDI,Financial Analyst,Discovery Semiconductors,Insurance Sales Assistant,,Delaware Valley Financial Group LLC,Independent Contractor,Google,,,,,,,,,,
williammorriss,William Morriss,,Founder,,,VM Capital,,,,,,,,,153,William Morriss,,Software Engineer,,TrustToken,Software Engineer,,ConsenSys,Blockchain Engineering Contractor,Vulcanize,Software Engineer,,"Snapchat, Inc.",Software Development Intern,Facebook,,,,,,,,,,
willvillanueva,Will Villanueva,,CEO,,,Element Finance,,,,,,,,,521,Will Villanueva,,Founding Researcher,,ConsenSys,CTO,Cofounder,Bounties Network,Architect and Engineering Team Lead,6sense,CTO,Cofounder,ProcureNow,Full Stack Software Engineer,Chegg Inc.,Full Stack Software Engineer,Ask.com,Full Stack Software Engineer,Pathbrite,Sales Engineer,Olympus Scientific Solutions America,,,,
witekradomski,Witek Radomski,,CTO,Co-founder,,Enjin,,,,,,,,,64,Witek Radomski,,,,,,,,,,,,,,,,,,,,,,,,
yanzhu,Yan Zhu,,Chief Security Officer,,,Brave Software,,,,,,,,,277,Yan Zhu,,,,,,,,,,,,,,,,,,,,,,,,
yoavweiss,Yoav Weiss,Security Fellow,Security Consultant,,,,,,,,,,,,97,Yoav Weiss,,,,,,,,,,,,,,,,,,,,,,,,
yoichihirai,Yoichi Hirai,,Senior Software Engineer,,,"BedRock Systems, Inc",,,,,,,,,26,Yoichi Hirai,,,,,,,,,,,,,,,,,,,,,,,,
youssefelhousni,Youssef El Housni,,Senior Applied Cryptographer,,,ConsenSys,,,,,,,,,161,Youssef El Housni,,Teaching assistant,,Polytechnique,Senior Blockchain Consultant,,EY,Software Engineer,Secure-IC,,,,,,,,,,,,,,,
zacharywilliamson,Zachary Williamson,,Director of Product Management,,,ConsenSys,,,,,,,,,314,Zachary Williamson,,,,,,,,,,,,,,,,,,,,,,,,
zainanvictorzhou,Zainan Victor Zhou,Author and Contributor of Ethereum Improvement Proposals,Software Engineer,,,Google,,,,,,,,,71,Zainan Victor Zhou,,Co-Founder and Board Member,,ZaiGeZaiGu,Software Engineer,,Google,FrontEnd Tech Lead,YouTube,Senior Software Engineer Technical Lead,,Google,,,,,,,,,,,,
zainanzhou,Zainan Zhou,,CEO,Founder,,stealth web3 startup,Founder,AlephCrypto.xyz,,,,,,,258,Zainan Zhou,,,,,,,,,,,,,,,,,,,,,,,,
