attendee_name,author_name,contributor_name,client_name
0xnako,,,
11cyrpt,,,
AC,,,
Abdelhamid Bakhta,Abdelhamid Bakhta,Abdelhamid Bakhta,Abdelhamid Bakhta
Adam Schmideg,,Adam Schmideg,Adam Schmideg
Aditya Asgaonkar,,,
Adria Massanet,,,
Adrian Manning,,,
Adrian Sutton,Adrian Sutton,Adrian Sutton,Adrian Sutton
Afri,,,
Afri Schoedon,Afri Schoedon,Afri Schoedon,Afri Schoedon
Agyt,,,
Ahmad Bitar,,Ahmad Bitar,Ahmad Bitar
Alan Li,,,
Alenque,,,
Alex,Alex,,
Alex B.,,,
Alex Beregszaszi,Alex Beregszaszi,Alex Beregszaszi,Alex Beregszaszi
Alex Guchowski,,,
Alex Leverington,,,
Alex Stokes,Alex Stokes,Alex Stokes,Alex Stokes
Alex Van de Sande,Alex Van de Sande,Alex Van de Sande,
Alex Vlasov,Alex Vlasov,,
Alex axic,,,
Alexey Akhunov,Alexey Akhunov,,Alexey Akhunov
Alexey Osipov,,,
Alita Moore,,Alita Moore,
Ameen Soleimani,,,
Amexiane,,,
Ameziane Hamlat,,,
Andrea Lanfranchi,Andrea Lanfranchi,Andrea Lanfranchi,Andrea Lanfranchi
Andreas Freund,Andreas Freund,Andreas Freund,
Andrei Maiboroda,Andrei Maiboroda,Andrei Maiboroda,Andrei Maiboroda
Andrew,,Andrew,
Andrew Ashikhmin,,Andrew Ashikhmin,Andrew Ashikhmin
Andrew Forman,,,
Andrew Gross,,,
Andrian,,,
Angela,,,
Ansgar Deitrichs,,,
Antoine Toulme,,Antoine Toulme,Antoine Toulme
Anton Bukov,Anton Bukov,Anton Bukov,
Anton Nashatyrev,,,Anton Nashatyrev
Antonio Sanso,,Antonio Sanso,
Arkadiy Paronyan,,,
Arnetheduck,,,
Artem,,,
Artem Vorotnikov,,,Artem Vorotnikov
Ash,,,
Ashraf,,,
Asmbaty,,,
Axic,,,
Ayman,,,
Baptise Marchand,,,
Barnabas,,,
Barnabas Busa,,,
Ben Adams,,,Ben Adams
Ben Burns,,,
Ben DiFrancesco,Ben DiFrancesco,,
Ben Edgington,,,
Bhargava,,,
BitsBeTrippin,,,
Bob Summerwill,,,
Bordel,,,
Boris Mann,,Boris Mann,
Boris Petrov,,,
Bradley Miller,,,
Brayton,,,
Brent Allsop,,,
Brett Robertson,,,
Brian,,,
Brooklyn Zelenka,Brooklyn Zelenka,Brooklyn Zelenka,
Bryant Eisenbach,Bryant Eisenbach,Bryant Eisenbach,
Carlbeek,,,
Casey Detrio,Casey Detrio,,
Casey Gardiner,,,
Caspar,,,
Caspar Schwarz-Schilling,,,
Chainsecurity,,,
Chami Rachid,,,
Charles C,,,
Charles St. Louis,,,
Charlie,,,
Chris Hager,,,
Corwin Smith,,,
Crypdough.eth,,,
Crypto_Eren77,,,
DB,,,
Dade,,,
Daejun Park,,,
Damien,,,
Dan,,,
Dan Buchholz,,,
Dan Burnett,,,
Dan Finlay,Dan Finlay,Dan Finlay,
Daniel Celeda,,,Daniel Celeda
Daniel Ellison,,,
Daniel Heyman,,,
Daniel Lerhner,,,
Daniel Nagy,,,
Daniel Weaver,,,
Dankrad Feist,Dankrad Feist,,
Danno Ferrin,Danno Ferrin,Danno Ferrin,Danno Ferrin
Danny,,,
Danny Ryan,Danny Ryan,Danny Ryan,
Dave,,,Dave
David,,David,
David Knott,David Knott,,
David Mechler,,,David Mechler
David Murdoch,,,David Murdoch
David Palm,,,
Diederik Loerakker,Diederik Loerakker,,Diederik Loerakker
Diego LÃÂ³pez LeÃÂ³n,,,
Dimitry Khoklov,,,
Dino Mark,,,
Dmitrii,,,
Dmitry Ryajov,,,
Dominator008,,,
Dominic Letz,Dominic Letz,Dominic Letz,
Dragan Rakita,,,
Duncan Westland,Duncan Westland,Duncan Westland,
Dusan,,,
Dusan Stanivukovic,,,
Dustin Brody,,,
Edson,,,
Edson Ayllon,Edson Ayllon,Edson Ayllon,
Eleazar Galano,,,
Encryption Wizard,,,
Enrico,,,
Enrico Del Fante,,,
Eric Kellstrand,,,Eric Kellstrand
Ethan,,,
Eugene D.,,,
Eugene Danilenko,,,
Evan Sultanik,,,
Evan Van Ness,,,
Everett Hildenbrandt,,,
FJL,,,
Fabio Di,,,
Fabio Di Fabio,,,Fabio Di Fabio
Felipe Faraggi,,,Felipe Faraggi
Felix Lange,Felix Lange,Felix Lange,Felix Lange
Frankie Pangilinan,,,
Fred,Fred,,
Fredrik Harrysson,,,
Gabi,,Gabi,
Gabriel Trintinalla,,,
Gajinder,,,
Gandalf,,,
Gary Schulte,,,
Gavin Wood,Gavin Wood,,
Geoff Hayes,,,
George Avsetsin,,,
George Hervey,,,
George Kadianakis,George Kadianakis,George Kadianakis,
Georgios Konstantopoulos,,,Georgios Konstantopoulos
GhaS Shee,,,
Gichiba,,,
Giuliorebuffo,,,
Gottfried Herold,,,
Greg,,,
Greg Colvin,Greg Colvin,Greg Colvin,Greg Colvin
Greg Markou,,,
Gu,,,
Guillaume,,,
Gunnim,,,
H,,,
HP,,,
Hacktar,,,
Hal Press,,,
Harry Altman,,,
Hdrewes,,,
Helengeorge,,,
Hind Kurhan,,,
Holger Drewes,,Holger Drewes,
Hsiao-Wei,,,
Hubert,,,
Hudson,,,
Hudson Jameson,Hudson Jameson,Hudson Jameson,
Hugo,,Hugo,
Hugo de la Cruz,,,
Ian Norden,Ian Norden,,Ian Norden
Ignacio Hagopian,,,
Igor Barinov,,,
Ino Murko,,,
Ivaylo,,,
Jacek,,,
Jacek Glen,,,
Jacek Sieka,,,
Jake Gillberg,,,
Jake Lang,,,
James H.,,,
James Hancock,James Hancock,James Hancock,
James Prestwich,,,James Prestwich
James Ray,James Ray,James Ray,
Jamie Lokier,,,
Jamie Pitts,,,Jamie Pitts
Jan Winklemann,,,
Jan Xie,,,
Jan Xie (ruby-ethereum,,,
Jared Doro,,,Jared Doro
Jared Wasinger,Jared Wasinger,,
Jason Carver,,Jason Carver,Jason Carver
Jay Welsh,,,
Jeff Coleman,,,
Jeffrey Wilcke,,Jeffrey Wilcke,Jeffrey Wilcke
Jesse Pollak,,,
Jim,,,
Jim Bennett,,,
Jingwei,,,
Jiri Peinlich,,,Jiri Peinlich
Jochem Brouwer,,Jochem Brouwer,
Johannes Zweng,,,
John,John,,
John Adler,John Adler,John Adler,John Adler
Johnny Rhea,,,
Jon Choi,,,
Jon Stevens,,,
Jordi Baylina,Jordi Baylina,Jordi Baylina,
Jorge Mederos,,,Jorge Mederos
Jose,,,
Jose's iPhone,,,
Joseph Delong,,,
Joseph Lubin,,,
JosephC,,,
Josh,,,
Joshua Douglas,,,
Joshua Rudolf,,,
Josselin Feist,,,
Jules,,,
Justin Drake,Justin Drake,,
Justin Florentine,,Justin Florentine,Justin Florentine
Justin Traglia,,,Justin Traglia
Jutta Steiner,,,
Kam,,,
Kamil Chodola,,,
Kar,,,
Karalabe,,,
Karim Agha,,,
Karim Taam,,,
Karl Floersch,,,
Kasey,,,
Kasey Kirkham,,,
Kay,,,
Kelly,,,
Ken NG,,,
Kenway Wang,,,
Kev,,,
Kevaundray,,,
Kobi Gurkian,,,
Konrad Feldmeier,Konrad Feldmeier,,Konrad Feldmeier
Kristy-Leigh Minehan,,,
Kumavis,,,
La Donna Higgins,,,
Lakshman Sankar,,,
Lane Rettig,Lane Rettig,Lane Rettig,
Lasso,,,
Lefter,,,
Lefteris Karapetsas,,Lefteris Karapetsas,Lefteris Karapetsas
Leo,,,
Leo Arias,Leo Arias,Leo Arias,
Leonardo Alt,,,
Liam Horne,,,
Lightclient,,,
Ligi,,,
Lion Dapplion,,,
Liz Steininger,,,
Louis,,,
Louis Guthmann,Louis Guthmann,,
Lukasz Rozmej,,,Lukasz Rozmej
Makoto Inoue,,,
Mamy Ratsimbazafy,,Mamy Ratsimbazafy,
Marcelo Ruiz,,,
Marcelo Ruiz de Olano,,,
Marcin Sobczak,,,Marcin Sobczak
Marek Kotewicz,,,Marek Kotewicz
Marek M,,,
Marek Moraczynski,,,
Mariano Conti,,,
Mario,Mario,,
Mario Havel,,,
Mario Vega,,,Mario Vega
Marius,,,Marius
Marius Van Der Wijden,Marius Van Der Wijden,,
Martin,,,Martin
Martin Becze,Martin Becze,,
Martin Hoist Swende,,,
Martin Koppelmann,,,
Martin Lundfall,Martin Lundfall,,
Martin Ortner,,,
Mateusz Morus,,,
Matt,Matt,,
Matt Garnett,Matt Garnett,,
Matt Luongo,Matt Luongo,Matt Luongo,
Matt Nelson,,,Matt Nelson
Matthew Di Ferrante,,,Matthew Di Ferrante
Matthew English,,,
Matthew Halpern,,,Matthew Halpern
Matthew Rodriguez,,,
Matthias,,,
Mehdi Aouadi,,,
Meredith Baxter,,,
Metachris,,,
Micah,,,
Micah Zoltou,,,
Michael Carter,Michael Carter,,
Michael LaCroix,,,
Mike Kim,,,
Mikhail,,,
Mikhail Kalanin,,,
Mikhail Melnik,Mikhail Melnik,Mikhail Melnik,
Milan Patel,,,
Miss If (If-Def-Else/ProgPoW,,,
Mojtaba Tefagh,Mojtaba Tefagh,,
Moody,,,
Mrabino1,,,
NONE,,,
Nathan,Nathan,,
Neville,,,
Neville Grech,,,
Next Meeting Date/Time,,,
Nhlanhla Hasane,,,
Nick,,,
Nick Johnson,Nick Johnson,Nick Johnson,Nick Johnson
Nishant,,,
None,,,
Ognyan,,,
Oleg Jakushkin,,,Oleg Jakushkin
Olivier Begassat,,,
Oxcasey,,,
PSEVE,,,
Pamel B.,,,
Pari,,,
Parithosh Jayanthi,,,Parithosh Jayanthi
Pat Stiles,,,
Paul Dworzanski,Paul Dworzanski,,
Paul Hauner,,,
Pawel,,,
PaweÃÂ Bylica,,,
Peter Salanki,,,
Peter Szilagyi,,,
Phil,,,
Phil Lucsok,,,
Phil Ngo,,,
Piper Merriam,Piper Merriam,Piper Merriam,
Pooja Ranjan,Pooja Ranjan,Pooja Ranjan,
Potus,,,
Protolambda,,,
PÃÂ©,,,
Qi Zhou,Qi Zhou,Qi Zhou,
Rachel Rose OLeary,,,
Rachid CHAMI,,,
Rai,,,
Rai @ consensys,,,
Rai Ratan Sur,,,
Ramakrishnan Muthukrishnan,,,
Ramon Pitter,,,
Raul Jordan,,,
RicMoo,,,
Rick Dudley,Rick Dudley,,
Robert Drost,,,
Roberto Bayardo,Roberto Bayardo,Roberto Bayardo,Roberto Bayardo
Rodia,,,
Roman Mandeleil,,,
Ronan,,,
Rory Arredondo,,,
Ruben,,,
S,,,
Sajida Zouarhi,,,
Sam,,,Sam
Sam CM,,,
Sam Wilson,Sam Wilson,Sam Wilson,
Samni Egwu,,,
SasaWebUp,,,
Saulius Grigaitis,,,Saulius Grigaitis
Saulius Grigaitis | Grandine,,,
Sean,,Sean,Sean
Sean Anderson,,,
Selvis,,,
Shahan Khatchadourian,,,
Shashank Yalamanchi,,,
Siri,,,
Snakethe4xor,,,
Somu Bhargava,,,Somu Bhargava
Soubhik Deb,,,
Spencer,,,
Sridarian Sharingan,,,
Stag,,,
Stefan Bratanov,,,
Stefen George,,,
Stokes,,,
Sunce86,,,
TODO,,,
Tanishq,,,
Tentonvanepps,,,
Terence,,,
Thea,,,
Thibaut Sardan,,,
Tim,,,
Tim Beiko,Tim Beiko,Tim Beiko,Tim Beiko
Tim Coulter,Tim Coulter,,
Tom,,,
Tomasz Drwiega,,,
Tomasz Stanczak,,,
Tope Alabi,,,
Trent,,,
Trenton Van Epps,,,
TurboTrent,,,
Tyevlag,,,
Tynes,,,
Uri Klarman,Uri Klarman,Uri Klarman,
Vadim Arasev,,,
Vie Yang,,,
Viktor,,,
Viktor Shepelin,,,
Virgil Griffith,,,
Vitalik Buterin,Vitalik Buterin,,Vitalik Buterin
Vorot93,,,
Vub,,,
Wei Tang,Wei Tang,Wei Tang,
Will Meister,,,
Will Villanueva,Will Villanueva,,
William Morriss,William Morriss,William Morriss,William Morriss
William Schwab,William Schwab,William Schwab,
YDXTY TS,,,
Yannis Smaragdakis,,,
Yanxi,,,
Yoav Weiss,Yoav Weiss,Yoav Weiss,
Yoavw,,,
Yoichi Hirai,Yoichi Hirai,Yoichi Hirai,Yoichi Hirai
Youssef El Housn,,,
Yuga Choler,,,
Zachary Belford,Zachary Belford,,
Zachary Williamson,Zachary Williamson,,
Zahary,,,
Zak Cole,Zak Cole,,Zak Cole
Zane Starr,,,
Zixuan Zhang,,,
Zoom chat,,,
Zsfelfoldi,,,
Zuer,,,
Zuerlein,,,
hexzorro,,hexzorro,
jgold,,,
jochen,,,
pari,,,
pyethereum),,,
testing),,,
,0age,,
,0xTriple7,,
,2pmflow,,
,5660-eth,,
,Aaron Chen,,
,Aaron Kendall,,
,Abderrahmen Hanafi,,
,Abhimanyu Nag,,
,Abu,,
,Adam Boudjemaa,,
,Adam Egyed,,
,Adam Levi,,
,Agustin Aguilar,,
,Agustín Aguilar,,
,Alan Lu,,
,Alan Scarpellini,,
,Alanah Lam,,
,Albert Chon,,
,Alberto Cuesta Cañada,,
,Alejo Salles,,
,Alex Forshtat,,
,Alex Papageorgiou,,
,Alex Qin,,
,Alexandre Belling,,
,Alexandros Korpis,,
,Alexe Spataru,,
,Alexi,,
,Allen Zhou,,
,AlvisDu,,
,Amir Bandeali,,
,Anders,,
,Anderson Wesley,,
,Andrea Brancaleoni,,
,AndreasGassmann,,
,Andres El-Fakdi,,
,Andrew B Coathup,,
,Andrew Cooke,,
,Andrew Redden,,
,Andy Chorlian,,
,Anna Crowley,,
,Ansgar Dietrichs,,
,Antoine Cote,,
,Anton Buenavista,,
,Antonio Salazar Cardozo,,
,Anurag Angara,,
,Apeguru,,
,Archie Chang,,
,Arran Schlosberg,,
,Artem Chystiakov,,
,Ashish Sood,,
,Aubay,,
,Aurore Guillevic,,
,Auryn Macmillan,,
,Austin Griffith,,
,Austin Williams,,
,Austin Zhu,,
,Avihu Levy,,
,Avir Mahtani,,
,BOCA Jeabby,,
,Baptiste Vauthey,,
,Barry WhiteHat,,
,Base Labs,,
,Ben Bollen,,
,Ben Fusek,,
,Ben Hauser,,
,Ben Kaufman,,
,Ben Tinner,,
,Benjamin Chodroff,,
,Benny Giang,,
,BerlinP,,
,Bertrand Masius,,
,Bicong Wang,,
,Billy Rennekamp,,
,Blaine Malone,,
,Bofu Chen,,
,Bogdan Popa,,
,Boxi Li,,
,Boyu Chu,,
,Bradley Leatherwood,,
,Brandon Grill,,
,Brantly Millegan,,
,Brayton Goodall,,
,Brendan Asselstine,,
,Brian Liang,,
,Brian R. Bondy,,
,Brian Venturo,,
,Bruno Barbieri,,
,Bruno kvorc,,
,Buzz Cai,,
,COALA Licensing Taskforce,,
,Calvin Koder,,
,Cameron Robertson,,
,Carl Beekhuizen,,
,Carl Larson,,
,Carlos Flores,,
,Caroline Marshall,,
,Cathie So,,
,Cedric Ngakam,,
,Chad Fleming,,
,Chaitanya Konda,,
,Chaitanya Potti,,
,Chao Pi,,
,Charles Cooper,,
,Charles Cunningham,,
,Charles Lehner,,
,Chih-Cheng Liang,,
,Chiro,,
,Chris Whinfrey,,
,Christian Fries,,
,Christian ReitwieBner,,
,Christian Reitwiessner,,
,Christian Tzurcanu,,
,Christoph Burgdorf,,
,Christoph Jentzsch,,
,Christoph Mussenbrock,,
,Christophe Le Bars,,
,Christopher Gewecke,,
,Chuqiao Ren,,
,Cicada,,
,Cody Burns,,
,Combo,,
,Cozy Finance,,
,Cristian Espinoza,,
,Cry,,
,Cyberpnk,,
,Cyril Lapinte,,
,D Wang,,
,DOBBYLABS,,
,Damian Martinelli,,
,Dan Long,,
,Dan Miller,,
,Dan Phifer,,
,Dane Scarborough,,
,Daniel A. Nagy,,
,Daniel Fallon-Cyr,,
,Daniel Ivanov,,
,Daniel Lehrner,,
,Daniel Streit,,
,Daniel Tedesco,,
,Darryl Yeo,,
,Dave Sag,,
,David Buckman,,
,David Huber,,
,David Kim,,
,David Laprade,,
,David Leung,,
,David Levit Gurevich,,
,David Núñez,,
,David Rábel,,
,David Stanfill,,
,David Zhang,,
,DeFiFoFum,,
,Dean Eigenmann,,
,Denis Erfurt,,
,Dennis von der Bey,,
,Derek Zhou,,
,DerivStudio,,
,Devin Conley,,
,Dexaran,,
,Dhruv Malik,,
,Dieter Shirley,,
,Dmitry Khovratovich,,
,Dr. Christopher Gorman,,
,Dror Tirosh,,
,Druzy Downs,,
,EL MERSHATI Laith,,
,EOS Classic,,
,Easy Innova,,
,Eduard López i Fina,,
,Edward Amor,,
,Eli Ben Sasson,,
,Erhard Dinhobl,,
,Eric Binet,,
,Eric Conner,,
,Eric Dvorsak,,
,Eric Marti Haynes,,
,Erik Marks,,
,Ernesto García,,
,Esteban Mino,,
,Etan Kissling,,
,Evan,,
,Eyal Eithcowich,,
,Fabian Vogelsteller,,
,Fabien Marino,,
,Fan Torchz,,
,Fangting Liu,,
,Fernando Paris,,
,Filip tamcar,,
,Filipp Makarov,,
,Fiona Kobayashi,,
,Firn Protocol,,
,Fov Cao,,
,Francesco Sullo,,
,Francisco Giordano,,
,Franz Chen,,
,Fried L. Trout,,
,Frédéric Le Coidic,,
,Gabriel Barros,,
,Gajinder Singh,,
,Gary Liu,,
,Gary Rong,,
,Gaurang Torvekar,,
,Gavin Fu,,
,Gavin John,,
,George,,
,George Huang,,
,George Spasov,,
,Gerhard Wagner,,
,Gianluca Perletti,,
,Giuseppe Bertone,,
,Gleb Naumenko,,
,Glitch,,
,Green,,
,Gregory Markou,,
,Gregory Rocco,,
,Guillaume Ballet,,
,Hadrien Croubois,,
,Haoyu Lin,,
,Harikrishnan Mulackal,,
,Henry Chan,,
,Herman Junge,,
,HexZorro,,
,HonorLabs,,
,Howard Marks,,
,Hua Zhang,,
,Huaizhe Xu,,
,Hugo De la cruz,,
,Hyungsuk Kang,,
,Iamnot Chris,,
,Ido Gershtein,,
,IfDefElse,,
,Ignacio Mazzara,,
,Ikmyeong Na,,
,Iluminada Baturone,,
,Infernal_toast,,
,IronMan_CH,,
,Isaac Ardis,,
,Isaac Buckman,,
,Isaac Patka,,
,Iuri Matias,,
,Ivo Georgiev,,
,Iván Mañús,,
,Jack Boyuan Xu,,
,Jack Peterson,,
,Jacob Evans,,
,Jacob Ward,,
,Jacques Dafflon,,
,Jacques Wagener,,
,Jake Moxey,,
,Jake Rockland,,
,Jakob Helgesson,,
,Jalil Wahdatehagh,,
,James,,
,James Choncholas,,
,James Grimmelmann,,
,James Levy,,
,James Morgan,,
,James Sangalli,,
,James Seibel,,
,James Therien,,
,Jan Bure,,
,Jan Smra,,
,Jan Turk,,
,Jarno Marttila,,
,Jason Cheng,,
,Javier Arcenegui,,
,Jay Logelin,,
,Jayden Windle,,
,Jean M. Cyr,,
,Jeff Huang,,
,Jeff Leung,,
,Jennifer Cooper,,
,Jeremy Z,,
,Jessica Chang,,
,Jessica Zheng,,
,Jet Jadeja,,
,Jet Lim,,
,Jiangshan Yu,,
,Jim McDonald,,
,Joachim Lebrun,,
,Joe Messerman,,
,Joel Thorstensson,,
,Joel Torstensson,,
,Joey Liu,,
,Joey Santoro,,
,Johann Barbie,,
,John Griffin,,
,John Max Skaller,,
,John Peterson,,
,John Shiple,,
,John Zettler,,
,Jonathan Underwood,,
,Jordan Schalm,,
,Jorge Izquierdo,,
,Josep Lluis de la Rosa,,
,Joseph Chow,,
,Joseph Stockermans,,
,Josh Klopfenstein,,
,Josh Weintraub,,
,Joshua Hendrix,,
,Joshua Tan,,
,Joshua Trujillo,,
,Joyce Li,,
,Juan Blanco,,
,Juan Carlos Cantó,,
,Jules Lai,,
,Julian Svirsky,,
,Julian Traversa,,
,Juliano Rizzo,,
,Julien Béranger,,
,Julio Faura,,
,Jun,,
,Junyi Zhong,,
,Justice Hudson,,
,KEMP Elia,,
,Kai Yeung,,
,Kai Yu,,
,Kaidong Wu,,
,Kartik Patel,,
,Kartin,,
,Kashish Khullar,,
,Katrina Donaghy,,
,Kay Lin,,
,Keegan Lee,,
,Kei Kreutler,,
,Kelly Olson,,
,Kevin Britz,,
,Kevin Owocki,,
,Kevin Riedl,,
,Kevin Seagraves,,
,Kevin Thizy,,
,Khanh Pham,,
,Khawla Hassan,,
,Khemraj Adhawade,,
,Kiryl Yermakou,,
,Kohshi Shiba,,
,Kosala Hemachandra,,
,Kris Shinn,,
,Kristijan Sedlak,,
,Kristof Gazso,,
,Kyle Den Hartog,,
,Lance,,
,Lauren Ho,,
,Laurent Aapro,,
,Lauritz Leifermann,,
,Lee Raj,,
,Leeren,,
,Leonid Logvinov,,
,Liraz Siri,,
,Lixin Liu,,
,Long Vuong,,
,Loredana Cirstea,,
,Luc Falempin,,
,Luc van Kampen,,
,Luca Donno,,
,Lucas Cullen,,
,Lucas Martín Grasso Ramos,,
,Luigi,,
,Luka Kacil,,
,Lukas Meyer,,
,Lukas Schor,,
,Manuel Araoz,,
,Manuel Olivi,,
,Marc Garreau,,
,Marco De Vries,,
,Mark Beylin,,
,Mark Mackey,,
,Marta Bellés,,
,Martin Holst Swende,,
,Martin McConnell,,
,Martin Moravek,,
,Marvin Martin,,
,Matias Arazi,,
,Matt Condon,,
,Matt Lockyer,,
,Matt Russo,,
,Matt Solomon,,
,Matt Stam,,
,Matthew Slipper,,
,Maurelian,,
,Maxim Kupriianov,,
,Mehmet Sabir Kiraz,,
,Micah Zoltu,,
,Michael Connor,,
,Michael D. Carter,,
,Michael Seiler,,
,Michael Sproul,,
,Michael Zargham,,
,Michele Balistreri,,
,Mihai Onila,,
,Mihir Faujdar,,
,Mike Meng,,
,Mikhail Kalinin,,
,Min Zu,,
,Mofi Taiwo,,
,Mohamad Hammoud,,
,Mohammad Zakeri Rad,,
,Moody Salem,,
,Mudit Gupta,,
,Muhammed Emin Aydın,,
,Mücahit Büyükyılmaz,,
,Naim Ashhab,,
,Namra Patel,,
,Narcis Cotaie,,
,Nastassia Sachs,,
,Nate Welch,,
,Nate van der Ende,,
,Nathan Creswell,,
,Nathan Ginnever,,
,Nawar Hisso,,
,Ngo Quang Anh,,
,Nick Gheorghita,,
,Nick Mudge,,
,Nick Savers,,
,Nick Zeman,,
,Nicolas Venturo,,
,Nikhil Asrani,,
,Nikolai Mushegian,,
,Noah Zinsmeister,,
,Oliver Terbu,,
,Olivier Fernandez,,
,Omar Aflak,,
,Omnus Sunmo,,
,Otniel Nicola,,
,Partha Bhattacharya,,
,Pascal Caversaccio,,
,Patrick Gallagher,,
,Patrick McCorry,,
,Paul Berg,,
,Paul Bouchon,,
,Paul Edge,,
,Paul Gauvreau,,
,Paul Sullivan,,
,Pawel Bylica,,
,Payom Dousti,,
,Pedro Gomes,,
,Pelle Braendgaard,,
,Peter Chen,,
,Peter Davies,,
,Peter Grassberger,,
,Peter Jihoon Kim,,
,Peter Kohl-Landgraf,,
,Peter Murray,,
,Peter Robinson,,
,PhD,,
,Philipp Bolte,,
,Philippe Castonguay,,
,Phillip Pon,,
,Phoebe Kwok,,
,Phyrex Tsai,,
,Pierre Bertet,,
,Pierrick Turelier,,
,Piotr Dyraga,,
,Piotr Kosinski,,
,Pol-Malo Le Bris,,
,Portal Network Team,,
,Péter Szilágyi,,
,Qiang Zhu,,
,Qin Jian,,
,Qin Wang,,
,Query0x,,
,RE:DREAMER Lab,,
,RJ Catalano,,
,Ran Xing,,
,Raymond Huynh,,
,Raúl Kripalani,,
,Remco Bloemen,,
,Renan Rodrigues de Souza,,
,Reuben Youngblom,,
,Rex Creed,,
,Ricardo Guilherme Schmidt,,
,Richard Meissner,,
,Richard Moore,,
,Robert Robbins,,
,Roberto Gorini,,
,Roberto Román,,
,RoiV,,
,Ronan Sandford,,
,Rosario Arjona,,
,Ross Campbell,,
,Roy Osherove,,
,Roy Shang,,
,Runchao Han,,
,Ruthia He,,
,Ryan Chow,,
,Ryan Ghods,,
,Saber Yu,,
,Sacha Saint-Leger,,
,Sachin Tomar,,
,Saitama,,
,Sam Furter,,
,Sam Gbafa,,
,Sam Porter,,
,Samuel Gwlanold Edoumou,,
,Samuele Marro,,
,Santiago Palladino,,
,Scott Burke,,
,Sean Darcy,,
,Sean Gulley,,
,Sean NG,,
,Sean Papanikolas,,
,Sergio Demian Lerner,,
,Seungyong Moon,,
,Shahaf Nacson,,
,Shane Hampton,,
,Shane Jonas,,
,Shange Fu,,
,Shawn Zheng,,
,Sherry Xu,,
,Shiping Chen,,
,Shrug,,
,Shu Dong,,
,Sillytuna,,
,Silvere Heraudeau,,
,Simon Brown,,
,Simon Fremaux,,
,Simon Jentzsch,,
,Simon Peffers,,
,Simon Tian,,
,Sina Mahmoodi,,
,SmeargleUsedFly,,
,Soham Zemse,,
,Sora Lee,,
,Stanley Wu,,
,StartfundInc,,
,Stefan Simec,,
,Stephane Gosselin,,
,Stevan Bogosavljevic,,
,Steve Jang,,
,Steven Pineda,,
,Sujith Somraaj,,
,Suleman Kardas,,
,Tal Be'ery,,
,Tammy Yang,,
,Terry Chen,,
,Thomas Bergmueller,,
,Thomas Jay Rush,,
,Thomas Shababi,,
,Tiger,,
,Tim Daubenschütz,,
,Timi,,
,Tjaden Hess,,
,Tobias Oberstein,,
,Tom Brand,,
,Tom Carchrae,,
,Tomas Jansa,,
,Tomasz Kajetan Stanczak,,
,Tommy Nicholas,,
,Toni Wahrstätter,,
,Tony Carson,,
,Tony Malghem,,
,Tony Sheng,,
,Toufic Batrice,,
,Tyler,,
,Tyler Kell,,
,Tyler Yasaka,,
,Varun Deshpande,,
,Veega Labs,,
,Victor Dusart,,
,Victor Maia,,
,Victor Porton,,
,Viktor Pernjek,,
,Vincent Eli,,
,Vittorio Minacori,,
,Vlad Gluhovsky,,
,Vu Nguyen,,
,Víctor Muñoz,,
,Wayne Chang,,
,Weiji Guo,,
,Weijia Zhang,,
,Weiwu,,
,Weiwu Zhang,,
,Wilkins Chung,,
,Will Wang,,
,William Entriken,,
,Witek Radomski,,
,Wizard Wang,,
,Xiaohang Yu,,
,Xiaoyu Wang,,
,Xinqi Yang,,
,Xuanzhe Liu,,
,Yale ReiSoleil,,
,Yan,,
,Yan Ji,,
,Yan Zhu,,
,Yaroslav Sergievsky,,
,Yi Cai,,
,Yin Xu,,
,Yonathan Randyanto,,
,Youssef El Housni,,
,Yu Liu,,
,Yuefei Tan,,
,Yuki Aoki,,
,Yun Ma,,
,Yvan Fatal,,
,Zach Burks,,
,Zahary Karadjov,,
,Zainan Victor Zhou,,
,Zeon Chan,,
,Zergity,,
,Zhenyu Sun,,
,Zhongxin Wu,,
,Zihao Chen,,
,andy8052,,
,ankit raj,,
,blockdev,,
,cygaar,,
,dRadiant,,
,edison0xyz,,
,elie222,,
,foobar,,
,g. nicholas d'andrea,,
,ligi,,
,liszechung,,
,locationtba,,
,mineruniter969,,
,msfew,,
,nitika-goel,,
,pinkiebell,,
,qdqd,,
,ryley-o,,
,sebastian echeverry,,
,t11s,,
,trustfarm,,
,xardass,,
,zhongfu,,
,zlace,,
,,0age,
,,0xTimi,
,,0xfawkes,
,,0xpaulio,
,,2pmflow,
,,5660.eth,
,,5chdn,
,,A. F. Dudley,
,,Aaron Chen,
,,Abdel @ StarkWare,
,,Adam Boudj,
,,Adrian Ciurdărean,
,,Afr Schoe,
,,Agustin Aguilar,
,,Agusx1211,
,,Alan Lu,
,,Albert,
,,Alberto Cuesta Cañada,
,,Alex Forshtat,
,,Alex-Klasma,
,,Alexander,
,,Alexander Papageorgiou,
,,AlexandreBelling,
,,Aleš Katona,
,,Anders,
,,Anderson Wesley,
,,Andres Guarneros,
,,Andrew B Coathup,
,,Andrew Cooke,
,,Andrew Miller,
,,Andrew Parker,
,,Angel Leon,
,,Ansgar Dietrichs,
,,Anton Buenavista,
,,Anton Wahrstätter,
,,Antonio Salazar Cardozo,
,,Apeguru,
,,ArchieChang,
,,Armando Andini,
,,Arran Schlosberg,
,,Artem Chystiakov,
,,Auryn Macmillan,
,,Austin Zhu,
,,Ayman Bouchareb,
,,Ayrat Badykov,
,,Balaji Shetty Pachai,
,,Bas Nijholt,
,,Benjamin Evans Chodroff,
,,BinaryQuasar,
,,Bitgamma,
,,BitsBeTrippin_Official,
,,Blaine Malone,
,,Bogdan Gusiev,
,,BogdanKTHD,
,,Brendan Asselstine,
,,Bruno Barbieri,
,,Bruno Škvorc,
,,Bryan Stitt,
,,Bumblefudge,
,,Buzz Cai,
,,Carl Beekhuizen,
,,Carl Larson,
,,Chaitanya Potti,
,,Chance Hudson,
,,Changhoon Lee,
,,Charles Cooper,
,,Chiro Hiro,
,,Chris Whinfrey,
,,Christoph Burgdorf,
,,Christoph Mussenbrock,
,,Christophe Le Bars,
,,Cliff Hall,
,,Clément Lesaege,
,,Cody Burns,
,,Cyril Lapinte,
,,DB Hurley,
,,DHRUV,
,,Daniel A. Nagy,
,,Daniel Cousens,
,,Daniel Ivanov,
,,Daniel Lehrner,
,,Daniel Luca,
,,Daniel Streit,
,,Daniel Tedesco,
,,Dave Sag,
,,David Bieber,
,,David Brailovsky,
,,David Buckman,
,,David Hermann Brandt,
,,David Leung,
,,David Stanfill,
,,DeFiFoFum,
,,Dean Eigenmann,
,,Derek周朝晖,
,,DerivStudio,
,,Devin A. Conley,
,,Dexaran,
,,Dhruv Malik,
,,Dionysis Zindros,
,,Dmitriy Fishman,
,,Domino Valdano,
,,Drake Evans,
,,Dror Tirosh,
,,EOS Classic,
,,Easy Innova,
,,Eduard Fina,
,,El De-dog-lo,
,,EmojiDao,
,,Enrique Ortiz,
,,Eric Winer,
,,Erik Marks,
,,Erik van Rijn,
,,Ernesto García,
,,Etan Kissling,
,,Ev,
,,Fabian Vogelsteller,
,,Fatih,
,,Filip Š,
,,Firn Protocol,
,,Fokion Zervoudakis,
,,Francesco Sullo,
,,Francisco,
,,Francisco Giordano,
,,Franco Victorio,
,,Frank.R.Wu,
,,Fredrik Svantes,
,,GT,
,,Gabriel Barros,
,,Garcia,
,,Gaurang Torvekar,
,,Gavin Fu,
,,Gavin John,
,,George,
,,Giuseppe Bertone,
,,Glitch,
,,Gregory Markou,
,,Gregory Rocco,
,,Guillaume Ballet,
,,HAOYUatHZ,
,,Hadrien Croubois,
,,Hari,
,,Herman Junge,
,,HonorLabs,
,,HsiaChiHao,
,,Hyungsuk Kang,
,,Ian Welsh,
,,Ignacio Mazzara,
,,Ikko Ashimine,
,,Ikmyeong Na,
,,Ilan,
,,Inphi,
,,Isaac Patka,
,,Ivo Georgiev,
,,Iván M.M,
,,Jack Peterson,
,,Jacques Dafflon,
,,James Brown,
,,James Choncholas,
,,James Sangalli,
,,James Seibel,
,,Jan Turk,
,,Javier Arcenegui Almenara,
,,Jay Logelin,
,,Jayden Windle,
,,Jean Cvllr,
,,Jean-Philippe Aumasson,
,,Jeremy Z,
,,Jessica Chang,
,,Jim McDonald,
,,Joachim,
,,Joe Jordan,
,,Joel Thorstensson,
,,Joey,
,,Joey Stockermans,
,,Johann Barbie,
,,John Forrest,
,,John Shiple,
,,John-peterson-coinbase,
,,Jonathan Underwood,
,,Jonny Rhea,
,,Jordan Schalm,
,,Jorge Izquierdo,
,,Josh Weintraub,
,,Joshua Tan,
,,Jules Lai,
,,Juliano Rizzo,
,,Julien Béranger,
,,Junseok Lee,
,,Justin Silver,
,,KBT Admin,
,,Kashish Khullar,
,,Keegan Lee,
,,Kelly Olson,
,,Kirk Baird,
,,Kohshi Shiba,
,,Kosala Hemachandra,
,,Kris Shinn,
,,Kristof Gazso,
,,Kyle Den Hartog,
,,Lambdalf the White,
,,LanceSnow,
,,Lanre Ige,
,,Lauritz Leifermann,
,,Lee Raj,
,,Leeren,
,,Leonid Logvinov,
,,Lev Dubinets,
,,Liraz Siri,
,,Little Sheep,
,,Logan Saether,
,,Loredana Cirstea,
,,Luc,
,,Lucas,
,,Lucas Cullen,
,,Lucas Grasso,
,,Lucas Vogelsang,
,,Maciej Górski,
,,Mandar Vaze,
,,Marius van der Wijden,
,,Mark Beylin,
,,Marta Bellés,
,,Martin Holst Swende,
,,Matt Galligan,
,,Matt Solomon,
,,Matt Stam,
,,MattLongCT,
,,Maurelian,
,,Maxim,
,,Medard Mandane,
,,Micah Zoltu,
,,Michael Sproul,
,,Michele Balistreri,
,,Mikhail Grechannikov,
,,Mikhail Kalinin,
,,Mister-Meeseeks,
,,Mohamed Abdulaziz,
,,Moody Salem,
,,MrChico,
,,Mudit Gupta,
,,Muhammad Altabba,
,,NarcisCRO,
,,Nate Welch,
,,Nathan Ginnever,
,,Nick Gheorghita,
,,Nick Mudge,
,,Nick Savers,
,,Nicolás Venturo,
,,Nielsen,
,,Nilang-Decentral,
,,Nitika Goel,
,,Nitro888,
,,Noah Zinsmeister,
,,Noel Maersk,
,,OT,
,,Oliver Terbu,
,,Omar Aflak,
,,OmkarK97,
,,OniReimu,
,,Ori Pomerantz,
,,P. Misirov,
,,Pandapip1,
,,Pascal Marco Caversaccio,
,,Patricio Palladino,
,,Patrick Gallagher,
,,Paul Berg,
,,Paul Bouchon,
,,Paul Miller,
,,Paul Razvan Berg,
,,Paul Sullivan,
,,Pavel Motyrev,
,,Paweł Bylica,
,,Pedro Gomes,
,,Pelle Braendgaard,
,,Perlets9,
,,Peter Davies,
,,Peter Grassberger,
,,Peter Jihoon Kim,
,,Peter Kohl-Landgraf,
,,Philippe Castonguay,
,,Philippe Dumonet,
,,PhyrexTsai,
,,Pierrick Turelier,
,,Péter Szilágyi,
,,Radek,
,,Ratan (Rai) Sur,
,,Remco Bloemen,
,,Renan Souza,
,,Ricardo Guilherme Schmidt,
,,Richard Meissner,
,,Richard Moore,
,,"Riedl Kevin, Bsc",
,,Rikard Hjort,
,,Riley,
,,Ronan Sandford,
,,Roy Osherove,
,,Ryan Ghods,
,,Sacha Saint-Leger,
,,Sally MacFarlane,
,,Sam Gbafa,
,,Sam Porter,
,,Sam Richards,
,,Samuel Furter,
,,Samuele Marro,
,,Santiago Palladino,
,,Sebastian C. Bürgel,
,,Sergio,
,,Sergio Demian Lerner,
,,Shane,
,,Sho IIZUKA,
,,Shoaib Ahmed,
,,Shu,
,,Simon Brown,
,,Simon Jentzsch,
,,Simon Tian,
,,Sina Mahmoodi,
,,SmeargleUsedFly,
,,Spirin Vladimir,
,,StartfundInc,
,,Steven Pineda,
,,Sudeep Biswas,
,,Sujith Somraaj,
,,Sungho Hwang,
,,Suning Yao,
,,Suriyaa Sundararuban,
,,SuryaSJit,
,,Sören Steiger,
,,Süleyman Kardaş,
,,Tadashi,
,,Taehee Yoon,
,,Taha Dhailey,
,,Tal Ater,
,,Tal Be'ery,
,,Talha Cross,
,,Terra854,
,,The Officious BokkyPooBah,
,,Thibault Meunier,
,,Thomas Bergmueller,
,,ThunderDeliverer,
,,Tim Daubenschütz,
,,Tobias Oberstein,
,,Tom Brand,
,,Tomasz Kajetan Stańczak,
,,Tommy Nicholas,
,,Toni Wahrstätter,
,,Trustfarm-heart,
,,Ungigdu,
,,Vazi,
,,VeegaLabs Official,
,,VexyCats,
,,Victor Dusart,
,,Victor Muñoz,
,,Vie,
,,Viktor Radchenko,
,,Viktor Trón,
,,Vincent,
,,Vittorio Minacori,
,,WTRMQDev,
,,Watson Ladd,
,,Weiji Guo,
,,Will42,
,,William Chargin,
,,William Entriken,
,,Witek,
,,Xiaoyu Wang,
,,Xinyang,
,,Yamen Merhi,
,,Yan,
,,Yan Ji,
,,Yonathan Randyanto,
,,Youssef El Housni,
,,Yuki Aoki,
,,Zachary James Williamson,
,,Zainan Zhou,
,,Zergity,
,,ZhengQi,
,,Zhihao Chen,
,,achon22,
,,adam-alchemy,
,,adeelhasan,
,,alex-forshtat-tbk,
,,alexi,
,,ashhanai,
,,ashrowz,
,,aspoky,
,,atlanticcrypto,
,,benk10,
,,billy rennekamp,
,,bitspill,
,,bjeabby1507,
,,boyuanx,
,,bradleat,
,,c-g-e-w-e-k-e-,
,,cdetrio,
,,cf,
,,cha0sg0d,
,,chaals,
,,chgormanMH,
,,chriseth,
,,chunningham,
,,coderfengyun,
,,corentinDallenogare,
,,cslarson,
,,cygaar,
,,dRadiant,
,,dankrad,
,,defifuture,
,,delaaxe,
,,donBarbos,
,,drikssy,
,,econoar,
,,emojidao,
,,ericmartihaynes,
,,eth-bot,
,,ethDreamer,
,,ethers,
,,ethosdev,
,,everdimension,
,,filmakarov,
,,flanagansteve,
,,frenchkebab,
,,g. nicholas d'andrea,
,,g11tech,
,,gary rong,
,,gavfu,
,,genkifs,
,,gluk256,
,,green,
,,hjlee9182,
,,ia,
,,ifdefelse,
,,jaerith,
,,jeffishjeff,
,,juanchel,
,,juztin,
,,jwasinger,
,,jxom,
,,kevinbogner,
,,knarfeh,
,,ledgerwatch,
,,lemontreeran,
,,lightclient,
,,ligi,
,,louisguthmannStarkWare,
,,lukasschor,
,,marianasoff,
,,maurelian,
,,meowsbits,
,,mineruniter969,
,,misrab,
,,mr.yalamanchi,
,,muhammedea,
,,nicksavers,
,,niftynathangang,
,,null_radix,
,,omnus,
,,pandadefi,
,,pdyraga,
,,phiferd,
,,pinkiebell,
,,pistomat,
,,pix16,
,,pizza-r0b,
,,pizzarob,
,,pldespaigne,
,,protolambda,
,,qdqd,
,,query0x,
,,radiocaca,
,,rex f,
,,rictorlome,
,,robzizo,
,,rotcivegaf,
,,saitama2009,
,,scli,
,,sgmfinance,
,,shahafn,
,,sherbst,
,,smithereens,
,,smrza,
,,soham,
,,t11s,
,,taek,
,,thec00n,
,,triggering-event,
,,tserg,
,,uink45,
,,vbuterin,
,,vub,
,,weijia31415,
,,wighawag,
,,will@solv.finance,
,,winsvega,
,,wschwab,
,,wwhchung,
,,wyc,
,,xa6dou.eth,
,,xinbenlv,
,,xiyu,
,,yarrumretep,
,,yaruno,
,,yoav-tabookey,
,,yoshinori fukushima,
,,yus,
,,yuzushioh,
,,z0r0z,
,,zakrad,
,,zaq1tomo,
,,zlace0x,
,,,/raw PONG _GHMoaCXLT
,,,0xMaxMa
,,,0xe3b0c4
,,,1337
,,,1swaraj
,,,3nprob
,,,6543
,,,6xiaowu9
,,,=
,,,? Elliot Shepherd
,,,??
,,,???
,,,????
,,,?????? ????? (Leonid Yuriev)
,,,?TH??SPH???
,,,?ukasz Kurowski
,,,?ukasz Zimnoch
,,,@edgararout
,,,ANOTHEL
,,,Aaron Hnatiw
,,,Abd ar-Rahman Hamidi
,,,Abel Nieto
,,,Abirdcfly
,,,Adam Babik
,,,Adam Spiers
,,,Addy Yeow
,,,Aditya
,,,Aditya Arora
,,,Aditya Kode
,,,Adrian Sabau
,,,Adrià Cidre
,,,Afanasii Kurakin
,,,Afr Schoe
,,,Agustin Armellini Fischer
,,,Ahmet Avci
,,,Ahyun
,,,Airead
,,,Alan Chen
,,,Alberto Hernandez
,,,Alejandro Isaza
,,,AleksAvila
,,,Aleksey @soar Smyrnov
,,,Ales Katona
,,,Alex Cabrera
,,,Alex Mazalov
,,,Alex Mylonas
,,,Alex Nebotov
,,,Alex Prut
,,,Alex Sharov
,,,Alex Sharp
,,,Alex Willmer
,,,Alex Wu
,,,Alexander Sadovskyi
,,,Alexander Yastrebov
,,,Alexander van der Meij
,,,Alexandr Borodulin
,,,Alexandre Van de Sande
,,,Alexey
,,,Alexey Sharov
,,,Alexey Sharp
,,,Alexey Shekhirin
,,,Ali Atiia
,,,Ali Hajimirza
,,,Ali92hm
,,,Alireza Arjmand
,,,Alpay Yildirim
,,,Amin Talebi
,,,Amir Hossein
,,,Amirul Ashraf
,,,Amit Panghal
,,,AmitBRD
,,,Anatole
,,,Andre Patta
,,,Andrea Franz
,,,Andrei Ivasko
,,,Andrew Chiw
,,,Andrey Petrov
,,,Andy
,,,Anna Jab?onowska
,,,Anshal Shukla
,,,Anshul Yadav
,,,Antoine Rondelet
,,,Anton Evangelatov
,,,Anton Markelov
,,,Antonio Salazar Cardozo
,,,Antony Denyer
,,,Anusha
,,,Arash
,,,Arba Sasmoyo
,,,Ariel Tempelhof
,,,Armani Ferrante
,,,Armin
,,,Armin Braun
,,,Aron
,,,Aron Fischer
,,,Artem Tsebrovskiy
,,,Artur Troian
,,,Arun kumar
,,,Arvid Hast
,,,Atkins
,,,Attila Gazso
,,,AusIV
,,,Ayman Bouchareb
,,,Bakuchi
,,,Balaji Shetty Pachai
,,,Balint Gabor
,,,Bartosz Kreft
,,,Bas van Kervel
,,,Ben Holden-Crowther
,,,Ben Kirwin
,,,Benjamin Brent
,,,Benjamin Prosnitz
,,,Benoit Verkindt
,,,Binacs
,,,Bing Clo
,,,BitBaseBit
,,,Blockchain-Trainer
,,,Bo
,,,Bo Ye
,,,Bob Glickstein
,,,Bogdan Stirbat
,,,Boqin Qin
,,,Boqin Qin(? ??)
,,,Boqin@MetaSecureLabs
,,,Brandon Harden
,,,Brandon Holland
,,,Brent
,,,Brett Henderson
,,,Brian Schroeder
,,,Brion
,,,Bruno ?kvorc
,,,Bryan Stitt
,,,C. Brown
,,,CDsigma
,,,CHAMI Rachid
,,,CJ Hare
,,,CJentzsch
,,,Caesar Chad
,,,Camilo Reis Dotto
,,,Carl Allendorph
,,,CarstenNZ
,,,Casey Kuhlman
,,,Cayman Nava
,,,Ceelog
,,,Ceyhun Onur
,,,Changhoon Lee
,,,Changyoung Koh
,,,Charing
,,,Charles Cooper
,,,Chase
,,,Chase Wright
,,,Chawin Aiemvaravutigul
,,,Chen Houwu
,,,Chen Quan
,,,Chi Kei Chan
,,,Chris Chinchilla
,,,Chris Mckay
,,,Chris Pacia
,,,Chris Ziogas
,,,Christian
,,,Christian Felde
,,,Christian Muehlhaeuser
,,,Christoph Jentzsch
,,,Christopher Harrison
,,,Christopher Mckay
,,,Clayton Jacobs
,,,Cody Born
,,,Connor Stein
,,,Corey Farwell
,,,Corey Lin
,,,Cory
,,,CrashOverride
,,,Crispin Flowerday
,,,Curith
,,,Damian Orzechowski
,,,Dan Cline
,,,Dan DeGreef
,,,Dan Kelly
,,,Dan Kinsley
,,,Dan Laine
,,,Dan Melton
,,,Dan Sosedoff
,,,Daniel A. Nagy
,,,Daniel Choi
,,,Daniel DeLima
,,,Daniel Fernandes
,,,Daniel Katzan
,,,Daniel Lehrner
,,,Daniel Perez
,,,Daniel Sloof
,,,Darioush Jalali
,,,Darrel Herbst
,,,Dave Appleton
,,,Dave Conroy
,,,Dave McGregor
,,,David Cai
,,,David Chase
,,,David Dzhalaev
,,,David Huie
,,,David Hwang
,,,Davide Savazzi
,,,Davor Kapsa
,,,Dean
,,,Deepak Sharma
,,,Defido Coin
,,,Delweng
,,,DenrianWeiss
,,,Denver
,,,Derek Chiang
,,,Derek Gottfrid
,,,Destiner
,,,Devon Bear
,,,Dexaran
,,,Dhruv Bodani
,,,Di Peng
,,,Diego Lopez Leon
,,,Diego Siqueira
,,,Diep Pham
,,,Dmitrij Koniajev
,,,Dmitriy Fishman
,,,Dmitry Savelev
,,,Dmitry Savonin
,,,Dmitry Shulyak
,,,Dmitry Zenovich
,,,Domino Valdano
,,,DongXi Huang
,,,Donn Trenton
,,,DoubleWoodH
,,,Dragan Milic
,,,Drake Burroughs
,,,EOS Classic
,,,EXEC
,,,Edgar Aroutiounian
,,,Eduard S
,,,Eduardo Antuña Díez
,,,Edward
,,,Edward Evans
,,,Edward Mack
,,,Edwin Greene
,,,Egon Elbre
,,,Egor Egorov
,,,Elad
,,,Elad Nachmias
,,,Elad_
,,,Eli
,,,Elias Naur
,,,Emil
,,,Emin Mahrt
,,,Emmanuel T Odeke
,,,Eng Zer Jun
,,,Enrique Avila Asapche
,,,Enrique Fynn
,,,Enrique Jose  Avila Asapche
,,,Enrique Ortiz
,,,Erez Wanderman
,,,Eric Robitaille
,,,Erichin
,,,Ernesto del Toro
,,,Ethan Buchman
,,,Ethan Heilman
,,,Eugene
,,,Eugene Lepeico
,,,Eugene Valeyev
,,,Ev
,,,Eval EXEC
,,,Evangelos Pappas
,,,Evgeny
,,,Evgeny Danienko
,,,Evgeny Danilenko
,,,Evgeny Kolyakov
,,,Evolution404
,,,Exca-DK
,,,Fabian Raetz
,,,Fabian Vogelsteller
,,,Fabio Barone
,,,Fabio Berger
,,,FaceHo
,,,Falco
,,,Federico Gimenez
,,,Fefe
,,,Felföldi Zsolt
,,,Felipe Strozberg
,,,Felix Yan
,,,Ferenc Szabo
,,,Ferran Borreguero
,,,Fiisio
,,,Fire Man
,,,Firescar96
,,,Flash Sheridan
,,,ForLina
,,,Fox Reymann
,,,Francisco de Borja Aranda Castillejo
,,,Frank Li
,,,Frank Szendzielarz
,,,FrankWang
,,,Franklin
,,,Fredrik Svantes
,,,Freeman Jiang
,,,Frenzoid
,,,Frojdi Dymylja
,,,Furkan KAMACI
,,,Fuyang Deng
,,,Fynn
,,,G. Kay Lee
,,,Gabriel Camargo Fukushima
,,,Gabriel Fukushima
,,,Gabriel-Trintinalia
,,,GagziW
,,,Gari Singh
,,,Gary Rong
,,,Gautam Botrel
,,,Gav Wood
,,,Gavin Goodship
,,,Geff Obscura
,,,Geon Kim
,,,George Angel
,,,George Carder
,,,George Hotz
,,,George Ornbo
,,,George Patterson
,,,George Tebrean
,,,Gerald Nash
,,,Gianfranco Cecconi
,,,Giovanni HoSang
,,,Giulio
,,,Giulio M
,,,Giulio Rebuffo
,,,Giulio rebuffo
,,,Giuseppe Bertone
,,,Grachev Mikhail
,,,Grant Noble
,,,Greg Lesniakiewicz
,,,Greg Myers
,,,Gregory Markou
,,,Gregory Popovitch
,,,Groute
,,,Grzegorz Lesniakiewicz
,,,Guido Vranken
,,,Guifel
,,,Guilherme Salgado
,,,Guillaume Ballet
,,,Guillaume Lethuillier
,,,Guillaume NICOLAS
,,,GuiltyMorishita
,,,Guruprasad Kamath
,,,Gus
,,,Gustav Simonsson
,,,Gustav-Simonsson
,,,Gustavo Silva
,,,Gísli Kristjánsson
,,,HAOYUatHZ
,,,Ha ?ANG
,,,Ha DANG
,,,HackyMiner
,,,Hadrien Croubois
,,,Hamza Shafique
,,,Hanjiang Yu
,,,Hao Bryan Cheng
,,,Hao Duan
,,,Harry Dutton
,,,Harry Kalodner
,,,HarryWu
,,,Harsh Mishra
,,,Havard Anda Estensen
,,,Hector Chu
,,,Heiko Heiko
,,,Helder Pinto
,,,Hellsegga
,,,Hendrik Hofstadt
,,,Henning Diedrich
,,,Henrique Barcelos
,,,Henry
,,,Hongbin Mao
,,,Horacio Mijail Anton Quiles
,,,Horacio Mijail Antón Quiles
,,,Hsien-Tang Kao
,,,Hubert Banaszewski
,,,Husam Ibrahim
,,,Hyung-Kyu Hqueue Choi
,,,Håvard Anda Estensen
,,,Ian Macalinao
,,,Igor Mandrigin
,,,Ikko Ashimine
,,,Ikko Eltociear Ashimine
,,,Ilan Gitter
,,,ImanSharaf
,,,Isidoro Ghezzi
,,,Iskander (Alex) Sharipov
,,,Ivan Aracki
,,,Ivan Bogatyy
,,,Ivan Daniluk
,,,Ivan Kuznetsov
,,,Ivaylo Kirilov
,,,Ivo Georgiev
,,,J1ang
,,,JKinc
,,,JU HYEONG PARK
,,,Jaanek Oja
,,,Jake Haugen
,,,Jakub Freebit
,,,James Cunningham
,,,Janko Simonovic
,,,Jano? Gulja?
,,,Janos Guljas
,,,Jarrad Hope
,,,Jason Frame
,,,Jason Yellick
,,,Javier Peletier
,,,Javier Sagredo
,,,Jay
,,,Jay Guo
,,,Jaynti Kanani
,,,Jean-André Santoni
,,,Jeff Prestes
,,,Jeff R. Allen
,,,Jeff Rossiter
,,,Jeff Wentworth
,,,Jeffery Robert Walsh
,,,Jens W
,,,Jeremy McNevin
,,,Jeremy Schlatter
,,,Jerzy Lasyk
,,,Jesse Tane
,,,Jia Chenhui
,,,Jim McDonald
,,,Jochen Müller
,,,Joe Clapis
,,,Joe Netti
,,,JoeG
,,,JoeGruffins
,,,Joel Burget
,,,Joey Zhou
,,,John C. Vernaleo
,,,John Chase
,,,John Difool
,,,Johns Beharry
,,,Jolly Zhao
,,,Jonas
,,,Jonathan Brown
,,,Jonathan Chappelow
,,,Jonathan Gimeno
,,,Jonathan Le Brun
,,,Jonathan Otto
,,,Jonathan Verhees
,,,Jonny Rhea
,,,JoranHonig
,,,Jordan Cohen
,,,Jordan Krage
,,,Jorge
,,,Jorge Arce-Garro
,,,Jorropo
,,,Joseph Cook
,,,Joseph Goulden
,,,Josh Richardson
,,,Joshua Colvin
,,,Joshua Fernandes
,,,Joshua Gutow
,,,Juan Cruz
,,,Julian Koh
,,,Julian Y
,,,Jussi Virtanen
,,,Justin
,,,Justin Clark-Casey
,,,Justus
,,,Juuso Haavisto
,,,KAI
,,,Kamil Chodo?a
,,,Karim T
,,,Kasia Turbiarz
,,,Kasper Ziemianek
,,,Katarzyna Turbiarz
,,,Kaushik Donthi
,,,Kawashima
,,,Kenji Siu
,,,Kenneth Cochran
,,,Kenso Trabing
,,,Kevin
,,,Kevin Ingersoll
,,,Kian
,,,KibGzr
,,,Kiel barry
,,,KimMachineGun
,,,Kirill Elagin
,,,Kitten King
,,,Klaudia Jazgar
,,,Kobi Gurkan
,,,Koichi Shiraishi
,,,Koosha K
,,,Kosuke Taniguchi
,,,Koustubh Sinkar
,,,Kris Shinn
,,,Krishna Upadhyaya
,,,Kristof Gazso
,,,Kristofer Peterson
,,,Krzysztof Chowanski
,,,Kumar Anirudha
,,,Kurkó Mihály
,,,Kushagra Sharma
,,,Kushal Babel
,,,Kwuaint
,,,Kyuntae Ethan Kim
,,,Laura Bailey
,,,Lautaro Emanuel
,,,Lawrence Aiello
,,,Lazaridis
,,,Lee Bousfield
,,,Lee Hyeon
,,,Leif Jurvetson
,,,Leo Shklovskii
,,,LeoLiao
,,,Leon
,,,Leonard Chinonso
,,,Leonardo Yvens
,,,Levi Aul
,,,Lewis Marshall
,,,Li Dongwei
,,,Li Xuanji
,,,"Li, Cheng"
,,,Liang Ma
,,,Liang ZOU
,,,LieutenantRoger
,,,Lio??
,,,Lion - dapplion
,,,Lorenzo Manacorda
,,,Louis Holbrook
,,,Luca Zeug
,,,Lucas Cullen
,,,Lucas Hendren
,,,Lucas Saldanha
,,,Luke Champine
,,,Luke Montgomery
,,,Luke Yeager
,,,Luozhu
,,,MadelineMurray
,,,Magicking
,,,Making GitHub Delicious
,,,Maksim
,,,Manav Darji
,,,Manoj Kumar
,,,Manoj Mamidyala
,,,Maran
,,,Marc-André Dumas
,,,Marcos Antonio Maceo
,,,Marek Moraczy?ski
,,,Marian OANC?A
,,,Marian Oancea
,,,Mariano Cortesi
,,,Marin Ivanov
,,,Marius Kjærstad
,,,Marius van der Wijden
,,,Mark
,,,Mark Evenson
,,,Mark Holt
,,,Mark Rushakoff
,,,Mark Shields
,,,Mark Tyneway
,,,Mark Vujevits
,,,Markus Keil
,,,Martin Alex Philip Dawson
,,,Martin Holst Swende
,,,Martin Klepsch
,,,Martin Michlmayr
,,,Martin Redmond
,,,Mason Fischer
,,,Mateusz J
,,,Mateusz J?drzejewski
,,,Mateusz Morusiewicz
,,,Mathijs de Bruin
,,,Matija Folnovic
,,,Mats Julian Olsen
,,,Matt Gucci
,,,Matt K
,,,Matt Kula
,,,Matt Whitehead
,,,Matthew Wampler-Doty
,,,Mauricio Perdomo
,,,Max Revitt
,,,Max Sistemich
,,,Maxim Andreev
,,,Maxim Krasilnikov
,,,Maxim Zhiburt
,,,Maxime Quandalle
,,,Maximilian Meister
,,,Melvin Junhee Woo
,,,Micah Zoltu
,,,Michael Connor
,,,Michael Forney
,,,Michael Montour
,,,Michael Ruminer
,,,Michael de Hoog
,,,MichaelRiabzev-StarkWare
,,,Michelangelo Riccobene
,,,Miguel Angel Rojo
,,,Miguel Mota
,,,Miguel Tenorio
,,,Mihai
,,,Mike Burr
,,,Mike Neuder
,,,Mikhail Mikheev
,,,Mikhail Vazhnov
,,,Mio
,,,Miro
,,,Miya Chen
,,,Mohamed Abdulaziz
,,,Mohanson
,,,Mohit Saxena
,,,Mr-Leshiy
,,,MrChico
,,,Mskxn
,,,Mudit Gupta
,,,Mymskmkt
,,,Nalin Bhardwaj
,,,Nate Armstrong
,,,Nathan (Blaise) Bruer
,,,Natsu Kagami
,,,Nebojsa Urosevic
,,,Nguyen Kien Trung
,,,Nguyen Sy Thanh Son
,,,Nic Jansma
,,,Nicholas
,,,Nicholas Johnson
,,,Nick Dodson
,,,Nick Kjolsing
,,,Nick Paterno
,,,Nick Savers
,,,Nick Ward
,,,Nickolay Savchenko
,,,Nicola Cocchiaro
,,,Nicolas Feignon
,,,Nicolas Gotchac
,,,Nicolas Guillaume
,,,Nicolas MASSART
,,,Nikhil Suri
,,,Nikifor Seryakov
,,,Nikita Kozhemyakin
,,,Nikita Kryuchkov
,,,Nikita Mescheryakov
,,,Nikola
,,,Nikola Madjarevic
,,,Nilesh Trivedi
,,,Nimrod Gutman
,,,Nischal Sharma
,,,Nishant Das
,,,Noel Maersk
,,,Noman
,,,Nye Liu
,,,Obtuse7772
,,,Obulapathi N Challa
,,,Oleg Kovalov
,,,Oli Bye
,,,Oliver Tale-Yazdi
,,,Olivier H
,,,Omar Ceja
,,,Omer Korner
,,,Or Neeman
,,,Or Rikon
,,,Oskar Haarklou Veileborg
,,,Osoro Bironga
,,,Osuke
,,,Pantelis Peslis
,,,Park Changwan
,,,Pascal Dierich
,,,Pascal Marco Caversaccio
,,,Patrick O'Grady
,,,Pau
,,,Paul
,,,Paul Berg
,,,Paul Harris
,,,Paul Lange
,,,Paul Litvak
,,,Paul-Armand Verhaegen
,,,Paulo L F Casaretto
,,,Pavol Rusnak
,,,Pawan Singh Pal
,,,Pawe? Bylica
,,,Payne
,,,Pedro Gomes
,,,Pedro Novais
,,,Pedro Pombeiro
,,,PegaSys Admin
,,,Pete
,,,Peter (bitfly)
,,,Peter Broadhurst
,,,Peter Davies
,,,Peter Lai
,,,Peter Pratscher
,,,Peter Robinson
,,,Peter Simard
,,,Petr Mikusek
,,,Philip Fan
,,,Philip Schlump
,,,Philippe Schommers
,,,Pierre Grimaud
,,,Pierre Neter
,,,Pierre R
,,,PilkyuJung
,,,Piotr Dyraga
,,,Piotr Gankiewicz
,,,Prasanna Pendse
,,,Preston Van Loon
,,,Prince Sinha
,,,Pulyak Viktor
,,,Puneetha Karamsetty
,,,Péter Szilágyi
,,,Qian Bin
,,,Quest Henkart
,,,RJ
,,,RJ Catalano
,,,RP27
,,,Rachel Bousfield
,,,Rachel Franks
,,,Rafael Matias
,,,Raghav Sood
,,,Rajaram Gaunker
,,,Rajdeep Singh
,,,Ralph Caraveo III
,,,Ramesh Nair
,,,Ratan (Rai) Sur
,,,Ratan Rai Sur
,,,Raw Pong Ghmoa
,,,Reg
,,,Reimdal
,,,Reinhard Schu
,,,Ricardo Catalinas Jiménez
,,,Ricardo Domingos
,,,Ricardo Guilherme Schmidt
,,,Ricardo Silva
,,,Rich?rd
,,,Richard Hart
,,,Richard Littauer
,,,Richard Patel
,,,Richard Schumann
,,,Rick
,,,Rithwik Babu
,,,Rob
,,,Rob Dawson
,,,Rob Mulholand
,,,Robert Edström
,,,Robert Zaremba
,,,Roberto Saltini
,,,Roc Yu
,,,Roderik van der Veer
,,,Rohit Gupta
,,,Roman Koblov
,,,Roman Krasiuk
,,,Roman Mazalov
,,,Roman Vaseev
,,,Ross
,,,Roy Langa
,,,Ruben Buniatyan
,,,Runchao Han
,,,Ruohui Wang
,,,Russ Cox
,,,Russel Waters
,,,Ry Jones
,,,Ryan Schneider
,,,Rémy Roy
,,,S. Matthew English
,,,SaNNNNNNNN
,,,Sachin Kumar Singh
,,,Sad Pencil
,,,SajZ
,,,Sally MacFarlane
,,,Sam Boyer
,,,Saman H. Pasha
,,,Sammy Libre
,,,Samuel Marks
,,,Sandra Wang
,,,Sanghee Choi
,,,Saravana Perumal Shanmugam
,,,Sarlor
,,,Sasha Duke
,,,Sasuke1964
,,,Satpal
,,,SeaMonkey82
,,,Sebastian Bathke
,,,Sebastian Stammler
,,,Sebastian Supreme
,,,SebastianDremo
,,,Seonggwon Yoon
,,,Serhat ?evki Dinçer
,,,Seungbae Yu
,,,Seungbae.yu
,,,Shane Bammel
,,,Sheldon
,,,Shihao Xia
,,,Shiming
,,,Shintaro Kaneko
,,,Shinto C V
,,,Shivam Sandbhor
,,,Shuai Qi
,,,Shude Li
,,,Shunsuke Watanabe
,,,SilentCicero
,,,Simon Dudley
,,,Simon Jentzsch
,,,Sina Mahmoodi
,,,SjonHortensius
,,,Slava Karpenko
,,,Sly Gryphon
,,,Smilenator
,,,Somnath Banerjee
,,,Sorin Neacsu
,,,Sparty
,,,Stefan Pingel
,,,Stein Dekker
,,,Stephan Tual
,,,Stephen Flynn
,,,Stephen Guo
,,,Stephen Shelton
,,,Stevan Lohja
,,,Steve Gattuso
,,,Steve Mieskoski
,,,Steve Ruckdashel
,,,Steve Waldman
,,,Steven Dee
,,,Steven E. Harris
,,,Steven Gregg
,,,Steven Roose
,,,Steven Schroeder
,,,Stéphane Loeuillet
,,,Suhabe Bugrara
,,,Sumit Sarin
,,,Sungwoo Kim
,,,Suriyaa Sundararuban
,,,Suyash Nayan
,,,Swarnim Pratap Singh
,,,Sylvain Laurent
,,,Szymon Kulec
,,,TBC Dev
,,,TColl
,,,TY
,,,Taeguk Kwon
,,,Taeik Lim
,,,Talha Cross
,,,Tangui Clairet
,,,Tanishq Jasoria
,,,Tatsuya Shimoda
,,,Taylor Gerring
,,,Tbnoapi
,,,Temirlan
,,,Thad Guidry
,,,The-Coomer
,,,Thibauld Favre
,,,Thomas Bocek
,,,Thomas Jay Rush
,,,Thomas Taylor
,,,Thorsten Hirsch
,,,Ti Zhou
,,,Tien
,,,Tim Daubenschütz
,,,Tim Mustafin
,,,Tim Myers
,,,Timo Tijhof
,,,Timur Badretdinov
,,,Tobias Hildebrandt
,,,Tomasz K. Stanczak
,,,Tomasz Kajetan Sta?czak
,,,Tomasz Kajetan Stanczak
,,,Tosh Camille
,,,Trent Mohay
,,,Tristan-Wilson
,,,Try Space
,,,Tuimf
,,,Tyler Chambers
,,,Tyler Ferrara
,,,Usman Saleem
,,,Uttam Singh
,,,Uwe Voelker
,,,Vaibhaw
,,,ValValu
,,,Valentin Trinqué
,,,Valentin Wüstholz
,,,Vedhavyas Singareddi
,,,Victor Baranov
,,,Victor Deleau
,,,Victor Farazdagi
,,,Victor Naumik
,,,Victor Shyba
,,,Vie
,,,Vijay Michalik
,,,Viktor Trón
,,,Vincent Serpoul
,,,Vinicius Stevam
,,,Vinod Damle
,,,Vitaly Bogdanov
,,,Vitaly V
,,,Vivek Anand
,,,Vlad
,,,Vlad Bokov
,,,Vladyslav Lupashevskyi
,,,VoR0220
,,,Vox
,,,Ward Bradt
,,,Water
,,,Wenbiao Zheng
,,,Wesley
,,,Wihan de Beer
,,,William Setzer
,,,Willian Mitsuda
,,,Wuxiang
,,,Xas
,,,"XuDon9 Liu AKA Rapper Of CN background diablo & revelations, a man optimistic, negative, silent, active, Taoism"
,,,YH-Zhou
,,,YOSHIDA Masanori
,,,Yang Hau
,,,Yao Zengzeng
,,,YaoZengzeng
,,,Yash Atwal
,,,Yehia Tarek
,,,Yier
,,,Yihau Chen
,,,Yohann LEON
,,,Yohann Leon
,,,Yole
,,,Yondon Fu
,,,Yurie
,,,Yusup
,,,Zach
,,,Zachinquarantine
,,,Zahoor Mohamed
,,,Zhang Zhuo
,,,Zhenguo Niu
,,,Zhengyan Gao
,,,Zhenyang Shi
,,,Zhou Zhiyao
,,,Zig Blathazar
,,,Ziyuan Zhong
,,,Ziyuan Zhong(???)
,,,Zoe Nolan
,,,Zou Guangxian
,,,Zsolt Felfoldi
,,,a
,,,a e r t h
,,,a-sklyarov
,,,aaron
,,,aaronbuchwald
,,,ag
,,,ahamlat
,,,akiva
,,,alex.sharov
,,,alexqrid
,,,alexwang
,,,alon muroch
,,,alvaroahp11
,,,am2rican5
,,,andrew
,,,annaszeszula
,,,anthonybuckle
,,,aperseghin
,,,arkpar
,,,aron
,,,atsushi-ishibashi
,,,awskii
,,,ayeowch
,,,b00ris
,,,b1ackd0t
,,,bailantaotao
,,,baizhenxuan
,,,banteg
,,,baptiste-b-pegasys
,,,bas-vk
,,,battlmonstr
,,,benma
,,,bernard-wagner
,,,bgelb
,,,bgravenorst
,,,bl0up
,,,bloonfield
,,,br0tchain
,,,brendan-kelly
,,,caktux
,,,calmbeing
,,,canepat
,,,catcs
,,,cdetrio
,,,cgst
,,,chaals
,,,chabashilah
,,,changhong
,,,chenglin
,,,chenyufeng
,,,chidi onyema
,,,chirag-bgh
,,,chris-j-h
,,,chuwt
,,,cong
,,,cooganb
,,,courtier
,,,cpusoft
,,,croath
,,,cui
,,,cui fliter
,,,damian-orzechowski
,,,delihiros
,,,dependabot[bot]
,,,detailyang
,,,dipingxian2
,,,divergencetech
,,,dm4
,,,dmitriyselivanov
,,,dragonvslinux
,,,dtan3847
,,,dylanhuang
,,,e-danko
,,,emhane
,,,emile
,,,ethers
,,,ethersphere
,,,evgk
,,,fab-10
,,,failfmi
,,,farwayer
,,,fenghaojiang
,,,ferhat elmas
,,,flowerofdream
,,,fomotrader
,,,formatting
,,,foxreymann
,,,fynn.z
,,,gaia
,,,gary rong
,,,garyschulte
,,,gfx
,,,github-actions[bot]
,,,gladcow
,,,glethuillier
,,,gluk256
,,,gregg dourgarian
,,,gurrpi
,,,hackyminer
,,,hadv
,,,halilylm
,,,haryu703
,,,henopied
,,,henridf
,,,hero5512
,,,hexoscott
,,,holisticode
,,,hp
,,,hrthaowang
,,,hsyodyssey
,,,hwanjo
,,,hydai
,,,iFA
,,,icodezjb
,,,imulmat4
,,,int88
,,,isdyaufh8o7cq
,,,iszubok
,,,jack meng
,,,jacksoom
,,,jacobhackman
,,,jeffersonwarrior
,,,jiang
,,,jin
,,,jk-jeongkyun
,,,jkcomment
,,,joohhnnn
,,,jovijovi
,,,jt9897253
,,,jtakalai
,,,julio4
,,,juroberttyb
,,,jwasinger
,,,kayla-henrie
,,,ken10100147
,,,kevaundray
,,,kevin.xu
,,,kiel barry
,,,kikilass
,,,kilic
,,,kimmylin
,,,kkokosa
,,,knarfeh
,,,komika
,,,kumavis
,,,lailiuyuan
,,,lash
,,,laughship
,,,lazaridiscom
,,,ledgerwatch
,,,leonardchinonso
,,,lhendre
,,,libby kent
,,,libotony
,,,lightclient
,,,lightclient@protonmail.com
,,,ligi
,,,lmittmann
,,,lonika
,,,lukasz.rozmej
,,,lukelee-sl
,,,lupin012
,,,lwh
,,,lzhfromustc
,,,mace
,,,magooster
,,,makcandrov
,,,manlio
,,,marcindsobczak
,,,mark-terry
,,,mark.lin
,,,mars
,,,martin becze
,,,maszrum
,,,matilote
,,,matkt
,,,mbaxter
,,,me020523
,,,meehow
,,,mempirate
,,,meows
,,,meowsbits
,,,michael1011
,,,michaelscheung
,,,mikolajsobolewski
,,,milesvant
,,,minh-bq
,,,mmsqe
,,,mohoff
,,,mr_franklin
,,,mulili
,,,mustafauzunn
,,,nala
,,,nanevardanyan
,,,natdurlik
,,,naviechan
,,,nebojsa94
,,,necaremus
,,,needkane
,,,net.wyman
,,,nicksavers
,,,nicky g
,,,njupt-moon
,,,nkbai
,,,noam-alchemy
,,,nobody
,,,noel
,,,nolash
,,,norwnd
,,,nujabes403
,,,obscuren
,,,omahs
,,,openex
,,,oseau
,,,panicalways
,,,peter cresswell
,,,piersy
,,,pietjepuk2
,,,pinges
,,,pinkiebell
,,,pk
,,,ploui
,,,primal_concrete_sledge
,,,protolambda
,,,puhtaytow
,,,qd-ethan
,,,qiuhaohao
,,,racytech
,,,rangzen
,,,raulk
,,,reinerRubin
,,,rekyyang
,,,rene
,,,rhaps107
,,,rjl493456442
,,,romanman
,,,root
,,,ryanc414
,,,s7v7nislands
,,,salanfe
,,,sam bacha
,,,sandakersmann
,,,sanskarkhare
,,,sarah
,,,setunapo
,,,shana
,,,sharad-develop
,,,shawn
,,,shigeyuki azuchi
,,,shiqinfeng1
,,,shuo
,,,silence
,,,sixdays
,,,sjlee1125
,,,slumber1122
,,,smartprogrammer93
,,,soc1c
,,,sonicWhale
,,,steve greensill
,,,stompesi
,,,stormpang
,,,storyicon
,,,strykerin
,,,subtly
,,,sudeep
,,,sunxiaojun2014
,,,sveneh
,,,swaraj18
,,,taccatisid
,,,tamirms
,,,tbocek
,,,terasum
,,,terrencecooke
,,,tgyKomgo
,,,therainisme
,,,thinkAfCod
,,,thomasmodeneis
,,,thumb8432
,,,tia-99
,,,timcooijmans
,,,timothy
,,,tintin
,,,tkstanczak
,,,tmohay
,,,tranvictor
,,,tripplegreen
,,,tsarpaul
,,,turboboost55
,,,tzapu
,,,ucwong
,,,uji
,,,ult-bobonovski
,,,unknown
,,,usmananwar
,,,varasev
,,,vbuterin
,,,vdwijden
,,,villanuevawill
,,,villesundell
,,,vim88
,,,wanderer
,,,wangxiang
,,,waymobetta
,,,wbt
,,,weimumu
,,,williambannas
,,,williamberman
,,,willian.eth
,,,winsvega
,,,wuff1996
,,,xD AKA Rapper King Of cn background diablo & revelations
,,,xiekeyang
,,,xinbenlv
,,,xincaosu
,,,xinluyin
,,,xiyang
,,,xq840622
,,,xternet
,,,xwjack
,,,yahtoo
,,,ycyraum
,,,yep
,,,yihuang
,,,yong
,,,yoza
,,,yperbasis
,,,yumiel yoomee1313
,,,yutianwu
,,,ywzqwwt
,,,z89
,,,zaccoding
,,,zah
,,,zcheng9
,,,zeim839
,,,zelig
,,,zer0to0ne
,,,zgfzgf
,,,zhangsoledad
,,,zhaochonghe
,,,zhiqiangxu
,,,zsfelfoldi
,,,zyfrank
,,,||= nil
,,,Ömer Faruk Irmak
,,,þ
