author11,author10,author9,author8,author7,author6,author5,author4,author3,author2,author1,EIP_Number,Title,Author,Status,author1_id,author2_id,author3_id,author4_id,author5_id,author6_id,author7_id,author8_id,author9_id,author10_id,author11_id
,,,,,,,,,,abdelhamidbakhta,3041,Adds `baseFee` to `eth_getBlockByHash`,Abdelhamid Bakhta,Stagnant,163,,,,,,,,,,
,,,,,,,,,,abdelhamidbakhta,3044,Adds `baseFee` to `eth_getBlockByNumber`,Abdelhamid Bakhta,Stagnant,163,,,,,,,,,,
,,,,,,,,,,abdelhamidbakhta,3045,Adds `baseFee` to `eth_getUncleByBlockHashAndIndex`,Abdelhamid Bakhta,Stagnant,163,,,,,,,,,,
,,,,,,,,,,abdelhamidbakhta,3046,Adds `baseFee` to `eth_getUncleByBlockNumberAndIndex`,Abdelhamid Bakhta,Stagnant,163,,,,,,,,,,
,,,,,,,,,,adriansutton,2159,Common Prometheus Metrics Names for Clients,Adrian Sutton,Final,123,,,,,,,,,,
,,,,,,,,,,afrischoedon,999,Restore Contract Code at 0x863DF6BFa4469f3ead0bE8f9F2AAE51c91A907b4,Afri Schoedon,Withdrawn,23,,,,,,,,,,
,,,,,,,,,,afrischoedon,1234,Constantinople Difficulty Bomb Delay and Block Reward Adjustment,Afri Schoedon,Final,23,,,,,,,,,,
,,,,,,,,,,afrischoedon,3238,Difficulty Bomb Delay to Q2/2022,Afri Schoedon,Stagnant,23,,,,,,,,,,
,,,,,,,,,,agustinaguilar,5719,Signature replacement interface,Agustin Aguilar,Draft,250,,,,,,,,,,
,,,,,,,,,,alanlu,1154,Oracle Interface,Alan Lu,Withdrawn,63,,,,,,,,,,
,,,,,,,,,,albertchon,1178,Multi-class Token Standard,Albert Chon,Stagnant,67,,,,,,,,,,
,,,,,,,,,,alexandrebelling,1895,Support for an Elliptic Curve Cycle,Alexandre Belling,Stagnant,109,,,,,,,,,,
,,,,,,,,,,alexberegszaszi,141,Designated invalid EVM instruction,Alex Beregszaszi,Final,11,,,,,,,,,,
,,,,,,,,,,alexberegszaszi,233,Formal process of hard forks,Alex Beregszaszi,Stagnant,11,,,,,,,,,,
,,,,,,,,,,alexberegszaszi,606,Hardfork Meta: Homestead,Alex Beregszaszi,Final,11,,,,,,,,,,
,,,,,,,,,,alexberegszaszi,607,Hardfork Meta: Spurious Dragon,Alex Beregszaszi,Final,11,,,,,,,,,,
,,,,,,,,,,alexberegszaszi,608,Hardfork Meta: Tangerine Whistle,Alex Beregszaszi,Final,11,,,,,,,,,,
,,,,,,,,,,alexberegszaszi,609,Hardfork Meta: Byzantium,Alex Beregszaszi,Final,11,,,,,,,,,,
,,,,,,,,,,alexberegszaszi,663,Unlimited SWAP and DUP instructions,Alex Beregszaszi,Review,11,,,,,,,,,,
,,,,,,,,,,alexberegszaszi,1352,Specify restricted address range for precompiles/system contracts,Alex Beregszaszi,Stagnant,11,,,,,,,,,,
,,,,,,,,,,alexberegszaszi,1803,Rename opcodes for clarity,Alex Beregszaszi,Stagnant,11,,,,,,,,,,
,,,,,,,,,,alexberegszaszi,2014,Extended State Oracle,Alex Beregszaszi,Stagnant,11,,,,,,,,,,
,,,,,,,,,,alexberegszaszi,2046,Reduced gas cost for static calls made to precompiles,Alex Beregszaszi,Stagnant,11,,,,,,,,,,
,,,,,,,,,,alexberegszaszi,2069,Recommendation for using YAML ABI in ERCs/EIPs,Alex Beregszaszi,Stagnant,11,,,,,,,,,,
,,,,,,,,,,alexberegszaszi,2070,Hardfork Meta: Berlin,Alex Beregszaszi,Stagnant,11,,,,,,,,,,
,,,,,,,,,,alexberegszaszi,2488,Deprecate the CALLCODE opcode,Alex Beregszaszi,Stagnant,11,,,,,,,,,,
,,,,,,,,,,alexberegszaszi,2681,Limit account nonce to 2^64-1,Alex Beregszaszi,Final,11,,,,,,,,,,
,,,,,,,,,,alexberegszaszi,4803,Limit transaction gas to a maximum of 2^63-1,Alex Beregszaszi,Stagnant,11,,,,,,,,,,
,,,,,,,,,,alexberegszaszi,6046,Replace SELFDESTRUCT with DEACTIVATE,Alex Beregszaszi,Draft,11,,,,,,,,,,
,,,,,,,,,,alexeyakhunov,2026,State Rent H - Fixed Prepayment for accounts,Alexey Akhunov,Stagnant,62,,,,,,,,,,
,,,,,,,,,,alexeyakhunov,2027,State Rent C - Net contract size accounting,Alexey Akhunov,Stagnant,62,,,,,,,,,,
,,,,,,,,,,alexeyakhunov,2029,State Rent A - State counters contract,Alexey Akhunov,Stagnant,62,,,,,,,,,,
,,,,,,,,,,alexeyakhunov,2031,State Rent B - Net transaction counter,Alexey Akhunov,Stagnant,62,,,,,,,,,,
,,,,,,,,,,alexeyakhunov,2035,Stateless Clients - Repricing SLOAD and SSTORE to pay for block proofs,Alexey Akhunov,Stagnant,62,,,,,,,,,,
,,,,,,,,,,alexforshtat,2542,New opcodes TXGASLIMIT and CALLGASLIMIT,Alex Forshtat,Stagnant,102,,,,,,,,,,
,,,,,,,,,,alexi,5050,Interactive NFTs with Modular Environments,Alexi,Draft,237,,,,,,,,,,
,,,,,,,,,,alexpapageorgiou,3508,Transaction Data Opcodes,Alex Papageorgiou,Stagnant,184,,,,,,,,,,
,,,,,,,,,,alexpapageorgiou,3520,Transaction Destination Opcode,Alex Papageorgiou,Stagnant,184,,,,,,,,,,
,,,,,,,,,,alexvandesande,67,"URI Scheme with Metadata, Value and Bytecode",Alex Van de Sande,Withdrawn,8,,,,,,,,,,
,,,,,,,,,,alexvandesande,1015,Configurable On Chain Issuance,Alex Van de Sande,Stagnant,8,,,,,,,,,,
,,,,,,,,,,alexvandesande,1078,Universal login / signup using ENS subdomains,Alex Van de Sande,Stagnant,8,,,,,,,,,,
,,,,,,,,,,alexvlasov,1962,EC arithmetic and pairings with runtime definitions,Alex Vlasov,Stagnant,115,,,,,,,,,,
,,,,,,,,,,alexvlasov,2539,BLS12-377 curve operations,Alex Vlasov,Stagnant,115,,,,,,,,,,
,,,,,,,,,,alexvlasov,2666,Repricing of precompiles and Keccak256 function,Alex Vlasov,Stagnant,115,,,,,,,,,,
,,,,,,,,,,andersonwesley,1010,Uniformity Between 0xAb5801a7D398351b8bE11C439e05C5B3259aeC9B and 0x15E55EF43efA8348dDaeAa455F16C43B64917e3c,Anderson Wesley,Stagnant,49,,,,,,,,,,
,,,,,,,,,,andreasfreund,4910,Royalty Bearing NFTs,Andreas Freund,Review,224,,,,,,,,,,
,,,,,,,,,,ansgardietrichs,4396,Time-Aware Base Fee Calculation,Ansgar Dietrichs,Stagnant,200,,,,,,,,,,
,,,,,,,,,,antonwahrstatter,5564,Stealth Address Wallets,Anton Wahrstätter,Draft,273,,,,,,,,,,
,,,,,,,,,,aurynmacmillan,3722,Poster,Auryn Macmillan,Stagnant,191,,,,,,,,,,
,,,,,,,,,,bentinner,3143,Increase block rewards to 5 ETH,Ben Tinner,Stagnant,169,,,,,,,,,,
,,,,,,,,,,bradleyleatherwood,1080,Recoverable Token,Bradley Leatherwood,Stagnant,55,,,,,,,,,,
,,,,,,,,,,brianventuro,1295,Modify Ethereum PoW Incentive Structure and Delay Difficulty Bomb,Brian Venturo,Stagnant,80,,,,,,,,,,
,,,,,,,,,,brunobarbieri,1710,URL Format for Web3 Browsers,Bruno Barbieri,Stagnant,103,,,,,,,,,,
,,,,,,,,,,buzzcai,5484,Consensual Soulbound Tokens,Buzz Cai,Final,259,,,,,,,,,,
,,,,,,,,,,calvinkoder,3386,ERC-721 and ERC-1155 to ERC-20 Wrapper,Calvin Koder,Stagnant,178,,,,,,,,,,
,,,,,,,,,,carlbeekhuizen,2333,BLS12-381 Key Generation,Carl Beekhuizen,Stagnant,129,,,,,,,,,,
,,,,,,,,,,carlbeekhuizen,2334,BLS12-381 Deterministic Account Hierarchy,Carl Beekhuizen,Stagnant,129,,,,,,,,,,
,,,,,,,,,,carlbeekhuizen,2335,BLS12-381 Keystore,Carl Beekhuizen,Stagnant,129,,,,,,,,,,
,,,,,,,,,,carllarson,858,Reduce block reward and delay difficulty bomb,Carl Larson,Stagnant,38,,,,,,,,,,
,,,,,,,,,,caseydetrio,779,Hardfork Meta: DAO Fork,Casey Detrio,Final,34,,,,,,,,,,
,,,,,,,,,,charlescooper,1898,Add `blockHash` to defaultBlock methods,Charles Cooper,Draft,110,,,,,,,,,,
,,,,,,,,,,christianreitwiessner,5,Gas Usage for `RETURN` and `CALL*`,Christian Reitwiessner,Final,4,,,,,,,,,,
,,,,,,,,,,christianreitwiessner,196,Precompiled contracts for addition and scalar multiplication on the elliptic curve alt_bn128,Christian Reitwiessner,Final,4,,,,,,,,,,
,,,,,,,,,,christianreitwiessner,211,New opcodes: RETURNDATASIZE and RETURNDATACOPY,Christian Reitwiessner,Final,4,,,,,,,,,,
,,,,,,,,,,christophburgdorf,2481,eth/66 request identifier,Christoph Burgdorf,Final,135,,,,,,,,,,
,,,,,,,,,,christophelebars,5185,NFT Updatable Metadata Extension,Christophe Le Bars,Draft,248,,,,,,,,,,
,,,,,,,,,,christophmussenbrock,1523,Standard for Insurance Policies as ERC-721 Non Fungible Tokens,Christoph Mussenbrock,Stagnant,92,,,,,,,,,,
,,,,,,,,,,codyburns,698,OPCODE 0x46 BLOCKREWARD,Cody Burns,Stagnant,28,,,,,,,,,,
,,,,,,,,,,cygaar,5643,Subscription NFTs,cygaar,Review,285,,,,,,,,,,
,,,,,,,,,,danfinlay,2593,Escalator fee market change for ETH 1.0 chain,Dan Finlay,Stagnant,31,,,,,,,,,,
,,,,,,,,,,daniela.nagy,681,URL Format for Transaction Requests,Daniel A. Nagy,Final,25,,,,,,,,,,
,,,,,,,,,,daniellehrner,2009,Compliance Service,Daniel Lehrner,Stagnant,119,,,,,,,,,,
,,,,,,,,,,danielstreit,3450,Standardized Shamir Secret Sharing Scheme for BIP-39 Mnemonics,Daniel Streit,Stagnant,182,,,,,,,,,,
,,,,,,,,,,danieltedesco,4974,Ratings,Daniel Tedesco,Draft,231,,,,,,,,,,
,,,,,,,,,,dannoferrin,1872,Ethereum Network Upgrade Windows,Danno Ferrin,Stagnant,107,,,,,,,,,,
,,,,,,,,,,dannoferrin,3436,Expanded Clique Block Choice Rule,Danno Ferrin,Stagnant,107,,,,,,,,,,
,,,,,,,,,,davesag,884,DGCL Token,Dave Sag,Stagnant,41,,,,,,,,,,
,,,,,,,,,,davidkim,4675,Multi-Fractional Non-Fungible Tokens,David Kim,Draft,211,,,,,,,,,,
,,,,,,,,,,davidstanfill,969,Modifications to ethash to invalidate existing dedicated hardware implementations,David Stanfill,Stagnant,47,,,,,,,,,,
,,,,,,,,,,derivstudio,5187,Extend EIP-1155 with rentable usage rights,DerivStudio,Draft,249,,,,,,,,,,
,,,,,,,,,,devinconley,4987,Held token interface,Devin Conley,Review,232,,,,,,,,,,
,,,,,,,,,,dr.christophergorman,3068,Precompile for BN256 HashToCurve Algorithms,Dr. Christopher Gorman,Stagnant,164,,,,,,,,,,
,,,,,,,,,,edsonayllon,2458,Updates and Updated-by Header,Edson Ayllon,Withdrawn,133,,,,,,,,,,
,,,,,,,,,,eosclassic,1276,Eliminate Difficulty Bomb and Adjust Block Reward on Constantinople Shift,EOS Classic,Stagnant,77,,,,,,,,,,
,,,,,,,,,,ericconner,2384,Muir Glacier Difficulty Bomb Delay,Eric Conner,Final,130,,,,,,,,,,
,,,,,,,,,,erikmarks,3326,Wallet Switch Ethereum Chain RPC Method (`wallet_switchEthereumChain`),Erik Marks,Stagnant,167,,,,,,,,,,
,,,,,,,,,,felixlange,8,devp2p Forward Compatibility Requirements for Homestead,Felix Lange,Final,6,,,,,,,,,,
,,,,,,,,,,felixlange,778,Ethereum Node Records (ENR),Felix Lange,Final,6,,,,,,,,,,
,,,,,,,,,,felixlange,868,Node Discovery v4 ENR Extension,Felix Lange,Final,6,,,,,,,,,,
,,,,,,,,,,filippmakarov,5753,Lockable Extension for EIP-721,Filipp Makarov,Draft,291,,,,,,,,,,
,,,,,,,,,,filipstamcar,2520,Multiple contenthash records for ENS,Filip Stamcar,Stagnant,137,,,,,,,,,,
,,,,,,,,,,franciscogiordano,5267,Retrieval of EIP-712 domain,Francisco Giordano,Review,76,,,,,,,,,,
,,,,,,,,,,gavinfu,5625,NFT Metadata JSON Schema dStorage Extension,Gavin Fu,Draft,280,,,,,,,,,,
,,,,,,,,,,gavinwood,161,State trie clearing (invariant-preserving alternative),Gavin Wood,Final,13,,,,,,,,,,
,,,,,,,,,,gerhardwagner,1470,Smart Contract Weakness Classification (SWC),Gerhard Wagner,Stagnant,87,,,,,,,,,,
,,,,,,,,,,giuseppebertone,2848,My Own Messages (MOM),Giuseppe Bertone,Stagnant,149,,,,,,,,,,
,,,,,,,,,,green,5022,Increase price of SSTORE from zero to non-zero to 40k gas,Green,Stagnant,235,,,,,,,,,,
,,,,,,,,,,gregcolvin,616,SIMD Operations for the EVM,Greg Colvin,Stagnant,20,,,,,,,,,,
,,,,,,,,,,gregorymarkou,2831,Transaction Replacement Message Type,Gregory Markou,Stagnant,108,,,,,,,,,,
,,,,,,,,,,gregorymarkou,3709,Remove Support for Type 1 Transactions,Gregory Markou,Stagnant,108,,,,,,,,,,
,,,,,,,,,,gregorymarkou,3788,Strict enforcement of chainId,Gregory Markou,Stagnant,108,,,,,,,,,,
,,,,,,,,,,guillaumeballet,2584,Trie format transition with overlay trees,Guillaume Ballet,Stagnant,142,,,,,,,,,,
,,,,,,,,,,hadriencroubois,2525,ENSLogin,Hadrien Croubois,Stagnant,138,,,,,,,,,,
,,,,,,,,,,hadriencroubois,5143,Slippage Protection for Tokenized Vault,Hadrien Croubois,Draft,138,,,,,,,,,,
,,,,,,,,,,hadriencroubois,5806,Delegate transaction,Hadrien Croubois,Draft,138,,,,,,,,,,
,,,,,,,,,,hermanjunge,3030,BLS Remote Signer HTTP API,Herman Junge,Stagnant,162,,,,,,,,,,
,,,,,,,,,,honorlabs,5633,"Composable Soulbound NFT, EIP-1155 Extension",HonorLabs,Draft,282,,,,,,,,,,
,,,,,,,,,,hudsonjameson,6,Renaming SUICIDE opcode,Hudson Jameson,Final,5,,,,,,,,,,
,,,,,,,,,,iamnotchris,1491,Human Cost Accounting Standard (Like Gas but for humans),Iamnot Chris,Stagnant,90,,,,,,,,,,
,,,,,,,,,,ignaciomazzara,4955,Vendor Metadata Extension for NFTs,Ignacio Mazzara,Review,228,,,,,,,,,,
,,,,,,,,,,ikmyeongna,1588,Hardfork Meta: Ethereum ProgPoW,Ikmyeong Na,Stagnant,95,,,,,,,,,,
,,,,,,,,,,ironman_ch,5489,NFT Hyperlink Extension,IronMan_CH,Final,260,,,,,,,,,,
,,,,,,,,,,isaacardis,3534,Restricted Chain Context Type Transactions,Isaac Ardis,Stagnant,27,,,,,,,,,,
,,,,,,,,,,jackpeterson,758,Subscriptions and filters for completed transactions,Jack Peterson,Stagnant,32,,,,,,,,,,
,,,,,,,,,,jameschoncholas,2390,Geo-ENS,James Choncholas,Stagnant,131,,,,,,,,,,
,,,,,,,,,,jameshancock,2025,Block Rewards Proposal for funding Eth1.x,James Hancock,Withdrawn,122,,,,,,,,,,
,,,,,,,,,,jameshancock,2378,EIPs Eligible for Inclusion,James Hancock,Stagnant,122,,,,,,,,,,
,,,,,,,,,,jameshancock,2387,Hardfork Meta: Muir Glacier,James Hancock,Final,122,,,,,,,,,,
,,,,,,,,,,jameshancock,2515,Implement Difficulty Freeze,James Hancock,Stagnant,122,,,,,,,,,,
,,,,,,,,,,jameshancock,2657,Ephemeral Testnet Yolo,James Hancock,Stagnant,122,,,,,,,,,,
,,,,,,,,,,jameshancock,3554,Difficulty Bomb Delay to December 2021,James Hancock,Final,122,,,,,,,,,,
,,,,,,,,,,janturk,1129,Standardised DAPP announcements,Jan Turk,Stagnant,60,,,,,,,,,,
,,,,,,,,,,jeremyz,5496,Multi-privilege Management NFT Extension,Jeremy Z,Last Call,261,,,,,,,,,,
,,,,,,,,,,jetlim,1175,Wallet & shop standard for all tokens (erc20),Jet Lim,Stagnant,66,,,,,,,,,,
,,,,,,,,,,jetlim,1438,dApp Components (avatar) & Universal Wallet,Jet Lim,Stagnant,66,,,,,,,,,,
,,,,,,,,,,jimmcdonald,1185,Storage of DNS Records in ENS,Jim McDonald,Stagnant,68,,,,,,,,,,
,,,,,,,,,,jimmcdonald,2386,Ethereum 2 Hierarchical Deterministic Walletstore,Jim McDonald,Stagnant,68,,,,,,,,,,
,,,,,,,,,,jimmcdonald,2680,Ethereum 2 wallet layout,Jim McDonald,Stagnant,68,,,,,,,,,,
,,,,,,,,,,joelthorstensson,2844,Add DID related methods to the JSON-RPC,Joel Thorstensson,Stagnant,148,,,,,,,,,,
,,,,,,,,,,johnadler,2242,Transaction Postdata,John Adler,Stagnant,124,,,,,,,,,,
,,,,,,,,,,jonathanunderwood,2876,Deposit contract and address standard,Jonathan Underwood,Stagnant,150,,,,,,,,,,
,,,,,,,,,,jordibaylina,1109,PRECOMPILEDCALL opcode (Remove CALL costs for precompiled contracts),Jordi Baylina,Stagnant,36,,,,,,,,,,
,,,,,,,,,,josephchow,4,EIP Classification,Joseph Chow,Final,3,,,,,,,,,,
,,,,,,,,,,josephstockermans,2566,Human Readable Parameters for Contract Function Execution,Joseph Stockermans,Stagnant,140,,,,,,,,,,
,,,,,,,,,,juleslai,4393,Micropayments for NFTs and Multi Tokens,Jules Lai,Draft,199,,,,,,,,,,
,,,,,,,,,,juleslai,4885,Subscription NFTs and Multi Tokens,Jules Lai,Draft,199,,,,,,,,,,
,,,,,,,,,,julianorizzo,1191,Add chain id to mixed-case checksum address encoding,Juliano Rizzo,Last Call,70,,,,,,,,,,
,,,,,,,,,,justicehudson,3332,MEDGASPRICE Opcode,Justice Hudson,Withdrawn,173,,,,,,,,,,
,,,,,,,,,,justicehudson,4546,Wrapped Deposits,Justice Hudson,Stagnant,173,,,,,,,,,,
,,,,,,,,,,kashishkhullar,823,Token Exchange Standard,Kashish Khullar,Stagnant,37,,,,,,,,,,
,,,,,,,,,,kohshishiba,2615,Non-Fungible Token with mortgage and rental functions,Kohshi Shiba,Stagnant,143,,,,,,,,,,
,,,,,,,,,,lightclient,3756,Gas Limit Cap,lightclient,Stagnant,193,,,,,,,,,,
,,,,,,,,,,ligi,801,Canary Standard,ligi,Stagnant,35,,,,,,,,,,
,,,,,,,,,,ligi,831,URI Format for Ethereum,ligi,Review,35,,,,,,,,,,
,,,,,,,,,,liszechung,5505,EIP-1155 asset backed NFT extension,liszechung,Draft,263,,,,,,,,,,
,,,,,,,,,,loredanacirstea,2256,wallet_getOwnedAssets JSON-RPC Method,Loredana Cirstea,Stagnant,111,,,,,,,,,,
,,,,,,,,,,mariusvanderwijden,5793,eth/68 - Add tx type to tx announcement,Marius van der Wijden,Draft,226,,,,,,,,,,
,,,,,,,,,,markmackey,4881,Deposit Contract Snapshot Interface,Mark Mackey,Draft,220,,,,,,,,,,
,,,,,,,,,,martinholstswende,3,Addition of CALLDEPTH opcode,Martin Holst Swende,Withdrawn,2,,,,,,,,,,
,,,,,,,,,,martinholstswende,1681,Temporal Replay Protection,Martin Holst Swende,Stagnant,2,,,,,,,,,,
,,,,,,,,,,martinholstswende,1884,Repricing for trie-size-dependent opcodes,Martin Holst Swende,Final,2,,,,,,,,,,
,,,,,,,,,,martinholstswende,2583,Penalty for account trie misses,Martin Holst Swende,Stagnant,2,,,,,,,,,,
,,,,,,,,,,martinlundfall,2327,BEGINDATA opcode,Martin Lundfall,Stagnant,127,,,,,,,,,,
,,,,,,,,,,martinlundfall,2612,Permit Extension for EIP-20 Signed Approvals,Martin Lundfall,Final,127,,,,,,,,,,
,,,,,,,,,,matt,3005,Batched meta transactions,Matt,Stagnant,158,,,,,,,,,,
,,,,,,,,,,mattgarnett,2733,Transaction Package,Matt Garnett,Withdrawn,145,,,,,,,,,,
,,,,,,,,,,mattgarnett,3521,Reduce access list cost,Matt Garnett,Stagnant,145,,,,,,,,,,
,,,,,,,,,,maurelian,1482,Define a maximum block timestamp drift,Maurelian,Stagnant,14,,,,,,,,,,
,,,,,,,,,,micahzoltu,234,Add `blockHash` to JSON-RPC filter options.,Micah Zoltu,Final,19,,,,,,,,,,
,,,,,,,,,,micahzoltu,1240,Remove Difficulty Bomb,Micah Zoltu,Withdrawn,19,,,,,,,,,,
,,,,,,,,,,micahzoltu,2711,"Sponsored, expiring and batch transactions.",Micah Zoltu,Withdrawn,19,,,,,,,,,,
,,,,,,,,,,micahzoltu,2718,Typed Transaction Envelope,Micah Zoltu,Final,19,,,,,,,,,,
,,,,,,,,,,micahzoltu,2803,Rich Transactions,Micah Zoltu,Stagnant,19,,,,,,,,,,
,,,,,,,,,,micahzoltu,2972,Wrapped Legacy Transactions,Micah Zoltu,Withdrawn,19,,,,,,,,,,
,,,,,,,,,,micahzoltu,2976,Typed Transactions over Gossip,Micah Zoltu,Final,19,,,,,,,,,,
,,,,,,,,,,micahzoltu,5114,Soulbound Badge,Micah Zoltu,Draft,19,,,,,,,,,,
,,,,,,,,,,michaeld.carter,3368,"Increase block rewards to 3 ETH, with 2 Year Decay to 1 ETH Scheduled",Michael D. Carter,Stagnant,174,,,,,,,,,,
,,,,,,,,,,michelebalistreri,1581,Non-wallet usage of keys derived from BIP-32 trees,Michele Balistreri,Stagnant,94,,,,,,,,,,
,,,,,,,,,,moodysalem,5792,Wallet Function Call API,Moody Salem,Draft,294,,,,,,,,,,
,,,,,,,,,,muditgupta,5065,Instruction for transferring ether,Mudit Gupta,Stagnant,239,,,,,,,,,,
,,,,,,,,,,naimashhab,5646,Token State Fingerprint,Naim Ashhab,Last Call,286,,,,,,,,,,
,,,,,,,,,,nathanginnever,3440,ERC-721 Editions Standard,Nathan Ginnever,Stagnant,180,,,,,,,,,,
,,,,,,,,,,nickjohnson,137,Ethereum Domain Name Service - Specification,Nick Johnson,Final,10,,,,,,,,,,
,,,,,,,,,,nickjohnson,181,ENS support for reverse resolution of Ethereum addresses,Nick Johnson,Final,10,,,,,,,,,,
,,,,,,,,,,nickjohnson,205,ENS support for contract ABIs,Nick Johnson,Stagnant,10,,,,,,,,,,
,,,,,,,,,,nickjohnson,658,Embedding transaction status code in receipts,Nick Johnson,Final,10,,,,,,,,,,
,,,,,,,,,,nickjohnson,926,Address metadata registry,Nick Johnson,Stagnant,10,,,,,,,,,,
,,,,,,,,,,nickjohnson,927,Generalised authorisations,Nick Johnson,Stagnant,10,,,,,,,,,,
,,,,,,,,,,nickjohnson,1051,Overflow checking for the EVM,Nick Johnson,Stagnant,10,,,,,,,,,,
,,,,,,,,,,nickjohnson,1087,Net gas metering for SSTORE operations,Nick Johnson,Stagnant,10,,,,,,,,,,
,,,,,,,,,,nickjohnson,1844,ENS Interface Discovery,Nick Johnson,Stagnant,10,,,,,,,,,,
,,,,,,,,,,nickjohnson,2304,Multichain address resolution for ENS,Nick Johnson,Stagnant,10,,,,,,,,,,
,,,,,,,,,,nickjohnson,3336,Paged memory allocation for the EVM,Nick Johnson,Stagnant,10,,,,,,,,,,
,,,,,,,,,,nickjohnson,3337,Frame pointer support for memory load and store operations,Nick Johnson,Stagnant,10,,,,,,,,,,
,,,,,,,,,,nickjohnson,3668,CCIP Read: Secure offchain data retrieval,Nick Johnson,Final,10,,,,,,,,,,
,,,,,,,,,,nickmudge,1538,Transparent Contract Standard,Nick Mudge,Withdrawn,16,,,,,,,,,,
,,,,,,,,,,nickmudge,2535,"Diamonds, Multi-Facet Proxy",Nick Mudge,Final,16,,,,,,,,,,
,,,,,,,,,,nicksavers,1013,Hardfork Meta: Constantinople,Nick Savers,Final,51,,,,,,,,,,
,,,,,,,,,,nitika-goel,1132,Extending ERC20 with token locking capability,nitika-goel,Stagnant,61,,,,,,,,,,
,,,,,,,,,,omnussunmo,4886,Proxy Ownership Register,Omnus Sunmo,Draft,222,,,,,,,,,,
,,,,,,,,,,pandapip1,4834,Hierarchical Domains,Pandapip1,Review,219,,,,,,,,,,
,,,,,,,,,,pandapip1,5219,Contract Resource Requests,Pandapip1,Draft,219,,,,,,,,,,
,,,,,,,,,,pandapip1,5289,Ethereum Notary Interface,Pandapip1,Draft,219,,,,,,,,,,
,,,,,,,,,,pandapip1,5568,Required Action Signals Using Revert Reasons,Pandapip1,Draft,219,,,,,,,,,,
,,,,,,,,,,pandapip1,5615,EIP-1155 Supply Extension,Pandapip1,Review,219,,,,,,,,,,
,,,,,,,,,,paulberg,1620,Money Streaming,Paul Berg,Stagnant,99,,,,,,,,,,
,,,,,,,,,,pauledge,5850,Complex Numbers stored in `bytes32` types,Paul Edge,Draft,296,,,,,,,,,,
,,,,,,,,,,pedrogomes,3091,Block Explorer API Routes,Pedro Gomes,Stagnant,120,,,,,,,,,,
,,,,,,,,,,pellebraendgaard,1812,Ethereum Verifiable Claims,Pelle Braendgaard,Stagnant,53,,,,,,,,,,
,,,,,,,,,,peterdavies,4747,Simplify EIP-161,Peter Davies,Stagnant,213,,,,,,,,,,
,,,,,,,,,,petergrassberger,3014,eth_symbol JSON-RPC method,Peter Grassberger,Stagnant,160,,,,,,,,,,
,,,,,,,,,,peterszilagyi,225,Clique proof-of-authority consensus protocol,Peter Szilagyi,Final,18,,,,,,,,,,
,,,,,,,,,,peterszilagyi,706,DEVp2p snappy compression,Peter Szilagyi,Final,18,,,,,,,,,,
,,,,,,,,,,philippecastonguay,3382,Hardcoded Block Gas Limit,Philippe Castonguay,Withdrawn,177,,,,,,,,,,
,,,,,,,,,,pinkiebell,3448,MetaProxy Standard,pinkiebell,Final,181,,,,,,,,,,
,,,,,,,,,,qizhou,5018,Filesystem-like Interface for Smart Contracts,Qi Zhou,Draft,217,,,,,,,,,,
,,,,,,,,,,qizhou,5027,Remove the limit on contract code size,Qi Zhou,Draft,217,,,,,,,,,,
,,,,,,,,,,qizhou,5478,CREATE2COPY Opcode,Qi Zhou,Draft,217,,,,,,,,,,
,,,,,,,,,,query0x,3374,Predictable Proof-of-Work (POW) Sunsetting,Query0x,Withdrawn,176,,,,,,,,,,
,,,,,,,,,,remcobloemen,1829,Precompile for Elliptic Curve Linear Combinations,Remco Bloemen,Stagnant,29,,,,,,,,,,
,,,,,,,,,,ricardoguilhermeschmidt,2470,Singleton Factory,Ricardo Guilherme Schmidt,Stagnant,132,,,,,,,,,,
,,,,,,,,,,ricardoguilhermeschmidt,2474,Coinbase calls,Ricardo Guilherme Schmidt,Stagnant,132,,,,,,,,,,
,,,,,,,,,,richardmoore,634,Storage of text records in ENS,Richard Moore,Stagnant,22,,,,,,,,,,
,,,,,,,,,,ronansandford,107,"safe """"eth_sendTransaction"""" authorization via html popup",Ronan Sandford,Stagnant,9,,,,,,,,,,
,,,,,,,,,,ronansandford,1930,CALLs with strict gas semantic. Revert if not enough gas available.,Ronan Sandford,Stagnant,9,,,,,,,,,,
,,,,,,,,,,ronansandford,1959,New Opcode to check if a chainID is part of the history of chainIDs,Ronan Sandford,Stagnant,9,,,,,,,,,,
,,,,,,,,,,ronansandford,1965,Method to check if a chainID is valid at a specific block Number,Ronan Sandford,Stagnant,9,,,,,,,,,,
,,,,,,,,,,ronansandford,5409,EIP-1155 Non-Fungible Token extension,Ronan Sandford,Draft,9,,,,,,,,,,
,,,,,,,,,,rosscampbell,4521,721/20-compatible transfer,Ross Campbell,Stagnant,206,,,,,,,,,,
,,,,,,,,,,royosherove,5553,Representing IP and its Royalty Structure,Roy Osherove,Review,269,,,,,,,,,,
,,,,,,,,,,samporter,3561,Trust Minimized Upgradeability Proxy,Sam Porter,Review,186,,,,,,,,,,
,,,,,,,,,,samwilson,5139,Remote Procedure Call Provider Lists,Sam Wilson,Draft,165,,,,,,,,,,
,,,,,,,,,,samwilson,5757,Process for Approving External Resources,Sam Wilson,Final,165,,,,,,,,,,
,,,,,,,,,,seandarcy,5570,Digital Receipt Non-Fungible Tokens,Sean Darcy,Draft,274,,,,,,,,,,
,,,,,,,,,,seanpapanikolas,2309,ERC-721 Consecutive Transfer Extension,Sean Papanikolas,Final,126,,,,,,,,,,
,,,,,,,,,,seanpapanikolas,3569,Sealed NFT Metadata Standard,Sean Papanikolas,Stagnant,126,,,,,,,,,,
,,,,,,,,,,sergiod.lerner,5283,Semaphore for Reentrancy Protection,Sergio D. Lerner,Draft,254,,,,,,,,,,
,,,,,,,,,,sergiodemianlerner,2997,IMPERSONATECALL Opcode,Sergio Demian Lerner,Stagnant,157,,,,,,,,,,
,,,,,,,,,,simontian,3754,A Vanilla Non-Fungible Token Standard,Simon Tian,Stagnant,192,,,,,,,,,,
,,,,,,,,,,simontian,4341,Ordered NFT Batch Standard,Simon Tian,Draft,192,,,,,,,,,,
,,,,,,,,,,smeargleusedfly,1227,Defuse Difficulty Bomb and Reset Block Reward,SmeargleUsedFly,Stagnant,74,,,,,,,,,,
,,,,,,,,,,sohamzemse,3772,Compressed Integers,Soham Zemse,Stagnant,147,,,,,,,,,,
,,,,,,,,,,startfundinc,5528,Refundable Fungible Token,StartfundInc,Final,267,,,,,,,,,,
,,,,,,,,,,tobiasoberstein,665,Add precompiled contract for Ed25519 signature verification,Tobias Oberstein,Stagnant,24,,,,,,,,,,
,,,,,,,,,,vitalikbuterin,2,Homestead Hard-fork Changes,Vitalik Buterin,Final,1,,,,,,,,,,
,,,,,,,,,,vitalikbuterin,7,DELEGATECALL,Vitalik Buterin,Final,1,,,,,,,,,,
,,,,,,,,,,vitalikbuterin,86,Abstraction of transaction origin and signature,Vitalik Buterin,Stagnant,1,,,,,,,,,,
,,,,,,,,,,vitalikbuterin,100,Change difficulty adjustment to target mean block time including uncles,Vitalik Buterin,Final,1,,,,,,,,,,
,,,,,,,,,,vitalikbuterin,101,Serenity Currency and Crypto Abstraction,Vitalik Buterin,Stagnant,1,,,,,,,,,,
,,,,,,,,,,vitalikbuterin,150,Gas cost changes for IO-heavy operations,Vitalik Buterin,Final,1,,,,,,,,,,
,,,,,,,,,,vitalikbuterin,155,Simple replay attack protection,Vitalik Buterin,Final,1,,,,,,,,,,
,,,,,,,,,,vitalikbuterin,158,State clearing,Vitalik Buterin,Final,1,,,,,,,,,,
,,,,,,,,,,vitalikbuterin,160,EXP cost increase,Vitalik Buterin,Final,1,,,,,,,,,,
,,,,,,,,,,vitalikbuterin,170,Contract code size limit,Vitalik Buterin,Final,1,,,,,,,,,,
,,,,,,,,,,vitalikbuterin,198,Big integer modular exponentiation,Vitalik Buterin,Final,1,,,,,,,,,,
,,,,,,,,,,vitalikbuterin,210,Blockhash refactoring,Vitalik Buterin,Stagnant,1,,,,,,,,,,
,,,,,,,,,,vitalikbuterin,1014,Skinny CREATE2,Vitalik Buterin,Final,1,,,,,,,,,,
,,,,,,,,,,vitalikbuterin,2937,SET_INDESTRUCTIBLE opcode,Vitalik Buterin,Stagnant,1,,,,,,,,,,
,,,,,,,,,,vitalikbuterin,2970,IS_STATIC opcode,Vitalik Buterin,Stagnant,1,,,,,,,,,,
,,,,,,,,,,vittoriominacori,1363,Payable Token,Vittorio Minacori,Final,84,,,,,,,,,,
,,,,,,,,,,vladgluhovsky,627,Whisper Specification,Vlad Gluhovsky,Final,21,,,,,,,,,,
,,,,,,,,,,weitang,1283,Net gas metering for SSTORE without dirty maps,Wei Tang,Final,78,,,,,,,,,,
,,,,,,,,,,weitang,1702,Generalized Account Versioning Scheme,Wei Tang,Stagnant,78,,,,,,,,,,
,,,,,,,,,,weitang,2200,Structured Definitions for Net Gas Metering,Wei Tang,Final,78,,,,,,,,,,
,,,,,,,,,,williamentriken,1418,Blockchain Storage Rent Payment,William Entriken,Draft,30,,,,,,,,,,
,,,,,,,,,,williamentriken,2228,Canonicalize the name of network ID 1 and chain ID 1,William Entriken,Final,30,,,,,,,,,,
,,,,,,,,,,williamentriken,5313,Light Contract Ownership,William Entriken,Final,30,,,,,,,,,,
,,,,,,,,,,williamentriken,6049,Deprecate SELFDESTRUCT,William Entriken,Final,30,,,,,,,,,,
,,,,,,,,,,williammorriss,2936,EXTCLEAR Opcode For SELFDESTRUCTed contracts,William Morriss,Stagnant,153,,,,,,,,,,
,,,,,,,,,,williammorriss,3300,Phase out refunds,William Morriss,Stagnant,153,,,,,,,,,,
,,,,,,,,,,williammorriss,3322,Account gas storage opcodes,William Morriss,Stagnant,153,,,,,,,,,,
,,,,,,,,,,williammorriss,3651,Warm COINBASE,William Morriss,Stagnant,153,,,,,,,,,,
,,,,,,,,,,williamschwab,4524,Safer ERC-20,William Schwab,Stagnant,207,,,,,,,,,,
,,,,,,,,,,yan,5334,EIP-721 User And Expires And Level Extension,Yan,Draft,255,,,,,,,,,,
,,,,,,,,,,yoichihirai,689,Address Collision of Contract Address Causes Exceptional Halt,Yoichi Hirai,Stagnant,26,,,,,,,,,,
,,,,,,,,,,zainanvictorzhou,2135,"Consumable Interface (Tickets, etc)",Zainan Victor Zhou,Review,71,,,,,,,,,,
,,,,,,,,,,zainanvictorzhou,5247,Smart Contract Executable Proposal Interface,Zainan Victor Zhou,Draft,71,,,,,,,,,,
,,,,,,,,,,zainanvictorzhou,5269,ERC-identifying Interface,Zainan Victor Zhou,Draft,71,,,,,,,,,,
,,,,,,,,,,zainanvictorzhou,5298,ENS Trust to hold NFTs under ENS name,Zainan Victor Zhou,Draft,71,,,,,,,,,,
,,,,,,,,,,zainanvictorzhou,5453,Endorsement - Permit for Any Functions,Zainan Victor Zhou,Draft,71,,,,,,,,,,
,,,,,,,,,,zainanvictorzhou,5485,"Legitimacy, Jurisdiction and Sovereignty",Zainan Victor Zhou,Draft,71,,,,,,,,,,
,,,,,,,,,,zainanvictorzhou,5679,Token Minting and Burning,Zainan Victor Zhou,Final,71,,,,,,,,,,
,,,,,,,,,,zainanvictorzhou,5750,General Extensibility for Method Behaviors,Zainan Victor Zhou,Final,71,,,,,,,,,,
,,,,,,,,,,zainanzhou,5437,Security Contact Interface,Zainan Zhou,Draft,258,,,,,,,,,,
,,,,,,,,,,zhenyusun,3135,Exclusive Claimable Token,Zhenyu Sun,Stagnant,168,,,,,,,,,,
,,,,,,,,,0age,nickjohnson,2544,ENS Wildcard Resolution,"Nick Johnson, 0age",Stagnant,10,98,,,,,,,,,
,,,,,,,,,0xtriple7,timi,5635,NFT Licensing Agreements,"Timi, 0xTriple7",Draft,283,417,,,,,,,,,
,,,,,,,,,adamlevi,benkaufman,1285,Increase Gcallstipend gas in the CALL opcode,"Ben Kaufman, Adam Levi",Stagnant,79,324,,,,,,,,,
,,,,,,,,,afrischoedon,alexberegszaszi,1679,Hardfork Meta: Istanbul,"Alex Beregszaszi, Afri Schoedon",Final,11,23,,,,,,,,,
,,,,,,,,,alexberegszaszi,caseydetrio,2045,Particle gas costs for EVM opcodes,"Casey Detrio, Alex Beregszaszi",Stagnant,34,11,,,,,,,,,
,,,,,,,,,alexberegszaszi,micahzoltu,3338,Limit account nonce to 2^52,"Micah Zoltu, Alex Beregszaszi",Withdrawn,19,11,,,,,,,,,
,,,,,,,,,alexberegszaszi,pawelbylica,2003,EVMC modules for implementations of precompiled contracts,"Paweł Bylica, Alex Beregszaszi",Stagnant,83,11,,,,,,,,,
,,,,,,,,,alexberegszaszi,sinamahmoodi,2926,Chunk-Based Code Merkleization,"Sina Mahmoodi, Alex Beregszaszi",Stagnant,152,11,,,,,,,,,
,,,,,,,,,alexberegszaszi,zainanvictorzhou,2294,Explicit bound to Chain ID size,"Zainan Victor Zhou, Alex Beregszaszi",Review,71,11,,,,,,,,,
,,,,,,,,,alexvandesande,vitalikbuterin,55,Mixed-case checksum address encoding,"Vitalik Buterin, Alex Van de Sande",Final,1,8,,,,,,,,,
,,,,,,,,,anders,timdaubenschutz,5192,Minimal Soulbound NFTs,"Tim Daubenschutz, Anders",Final,230,223,,,,,,,,,
,,,,,,,,,ansgardietrichs,vitalikbuterin,4488,Transaction calldata gas cost reduction with total calldata limit,"Vitalik Buterin, Ansgar Dietrichs",Stagnant,1,200,,,,,,,,,
,,,,,,,,,bicongwang,xiaoyuwang,1207,DAuth Access Delegation Standard,"Xiaoyu Wang, Bicong Wang",Stagnant,73,321,,,,,,,,,
,,,,,,,,,brettkolodny,kosalahemachandra,5749,The 'window.evmproviders' object,"Kosala Hemachandra, Brett Kolodny",Last Call,290,423,,,,,,,,,
,,,,,,,,,bryanteisenbach,richardmeissner,1344,ChainID opcode,"Richard Meissner, Bryant Eisenbach",Final,82,327,,,,,,,,,
,,,,,,,,,chih-chengliang,dannyryan,1011,Hybrid Casper FFG,"Danny Ryan, Chih-Cheng Liang",Stagnant,50,310,,,,,,,,,
,,,,,,,,,christianreitwiessner,vitalikbuterin,197,Precompiled contracts for optimal ate pairing check on the elliptic curve alt_bn128,"Vitalik Buterin, Christian Reitwiessner",Final,1,4,,,,,,,,,
,,,,,,,,,christianreitwiessner,vitalikbuterin,214,New opcode STATICCALL,"Vitalik Buterin, Christian Reitwiessner",Final,1,4,,,,,,,,,
,,,,,,,,,christiantzurcanu,loredanacirstea,1900,dType - Decentralized Type System for EVM,"Loredana Cirstea, Christian Tzurcanu",Stagnant,111,341,,,,,,,,,
,,,,,,,,,christiantzurcanu,loredanacirstea,1921,dType Functions Extension,"Loredana Cirstea, Christian Tzurcanu",Stagnant,111,341,,,,,,,,,
,,,,,,,,,christiantzurcanu,loredanacirstea,2157,dType Storage Extension - Decentralized Type System for EVM,"Loredana Cirstea, Christian Tzurcanu",Stagnant,111,341,,,,,,,,,
,,,,,,,,,christiantzurcanu,loredanacirstea,2193,dType Alias Extension - Decentralized Type System,"Loredana Cirstea, Christian Tzurcanu",Stagnant,111,341,,,,,,,,,
,,,,,,,,,christophjentzsch,simonjentzsch,1186,RPC-Method to get Merkle Proofs - eth_getProof,"Simon Jentzsch, Christoph Jentzsch",Stagnant,69,317,,,,,,,,,
,,,,,,,,,coalalicensingtaskforce,isaacpatka,5554,"NFT Legal Use, Repurposing, and Remixing","Isaac Patka, COALA Licensing Taskforce",Draft,270,409,,,,,,,,,
,,,,,,,,,danescarborough,rexcreed,4353,Interface for Staked Tokens in NFTs,"Rex Creed, Dane Scarborough",Draft,197,375,,,,,,,,,
,,,,,,,,,danfinlay,nickmudge,173,Contract Ownership Standard,"Nick Mudge, Dan Finlay",Final,16,31,,,,,,,,,
,,,,,,,,,danfinlay,vincenteli,1775,"App Keys, application specific wallet accounts","Vincent Eli, Dan Finlay",Stagnant,105,31,,,,,,,,,
,,,,,,,,,dannyryan,alexstokes,4788,Beacon state root in the EVM,"Alex Stokes, Danny Ryan",Draft,215,50,,,,,,,,,
,,,,,,,,,dannyryan,alexstokes,4863,Beacon chain push withdrawals,"Alex Stokes, Danny Ryan",Stagnant,215,50,,,,,,,,,
,,,,,,,,,dannyryan,alexstokes,4895,Beacon chain push withdrawals as operations,"Alex Stokes, Danny Ryan",Review,215,50,,,,,,,,,
,,,,,,,,,dannyryan,mikhailkalinin,4399,Supplant DIFFICULTY opcode with PREVRANDAO,"Mikhail Kalinin, Danny Ryan",Final,190,50,,,,,,,,,
,,,,,,,,,dannyryan,mikhailkalinin,6110,Supply validator deposits on chain,"Mikhail Kalinin, Danny Ryan",Draft,190,50,,,,,,,,,
,,,,,,,,,drortirosh,alexforshtat,2770,Meta-Transactions Forwarder Contract,"Alex Forshtat, Dror Tirosh",Stagnant,102,336,,,,,,,,,
,,,,,,,,,edwardamor,charlescooper,5202,Blueprint contract format,"Charles Cooper, Edward Amor",Review,110,399,,,,,,,,,
,,,,,,,,,ericdvorsak,ricardoguilhermeschmidt,2400,Transaction Receipt URI,"Ricardo Guilherme Schmidt, Eric Dvorsak",Review,132,348,,,,,,,,,
,,,,,,,,,erikmarks,danfinlay,2255,Wallet Permissions System,"Dan Finlay, Erik Marks",Stagnant,31,167,,,,,,,,,
,,,,,,,,,erikmarks,micahzoltu,2696,JavaScript `request` method RPC transport,"Micah Zoltu, Erik Marks",Final,19,167,,,,,,,,,
,,,,,,,,,erikmarks,micahzoltu,2700,JavaScript Provider Event Emitter,"Micah Zoltu, Erik Marks",Final,19,167,,,,,,,,,
,,,,,,,,,erikmarks,micahzoltu,2786,Ethereum Provider Connect/Disconnect Events,"Micah Zoltu, Erik Marks",Withdrawn,19,167,,,,,,,,,
,,,,,,,,,erikmarks,paulbouchon,1102,Opt-in account exposure,"Paul Bouchon, Erik Marks",Stagnant,57,167,,,,,,,,,
,,,,,,,,,erikmarks,paulbouchon,1474,Remote procedure call specification,"Paul Bouchon, Erik Marks",Stagnant,57,167,,,,,,,,,
,,,,,,,,,erikmarks,pedrogomes,2015,Wallet Update Ethereum Chain RPC Method (`wallet_updateEthereumChain`),"Pedro Gomes, Erik Marks",Stagnant,120,167,,,,,,,,,
,,,,,,,,,estebanmino,danfinlay,747,Add wallet_watchAsset to Provider,"Dan Finlay, Esteban Mino",Stagnant,31,304,,,,,,,,,
,,,,,,,,,fabienmarino,jorgeizquierdo,3000,Optimistic enactment governance standard,"Jorge Izquierdo, Fabien Marino",Stagnant,42,362,,,,,,,,,
,,,,,,,,,felixlange,peterszilagyi,2124,Fork identifier for chain compatibility checks,"Peter Szilagyi, Felix Lange",Final,18,6,,,,,,,,,
,,,,,,,,,friedl.trout,firnprotocol,5630,New approach for encryption / decryption,"Firn Protocol, Fried L. Trout",Draft,281,416,,,,,,,,,
,,,,,,,,,georgespasov,danielivanov,4400,EIP-721 Consumable Extension,"Daniel Ivanov, George Spasov",Final,201,377,,,,,,,,,
,,,,,,,,,gregcolvin,gregcolvin,4573,Procedures for the EVM,"Greg Colvin, Greg Colvin",Stagnant,20,20,,,,,,,,,
,,,,,,,,,isaacbuckman,davidbuckman,4799,Non-Fungible Token Ownership Designation Standard,"David Buckman, Isaac Buckman",Stagnant,216,383,,,,,,,,,
,,,,,,,,,jacquesdafflon,jordibaylina,820,Pseudo-introspection Registry Contract,"Jordi Baylina, Jacques Dafflon",Final,36,33,,,,,,,,,
,,,,,,,,,jacquesdafflon,jordibaylina,1820,Pseudo-introspection Registry Contract,"Jordi Baylina, Jacques Dafflon",Final,36,33,,,,,,,,,
,,,,,,,,,jacqueswagener,alexberegszaszi,1380,Reduced gas cost for call to self,"Alex Beregszaszi, Jacques Wagener",Stagnant,11,329,,,,,,,,,
,,,,,,,,,jamessangalli,weiwuzhang,875,Simpler NFT standard with batching and native atomic swaps,"Weiwu Zhang, James Sangalli",Withdrawn,40,306,,,,,,,,,
,,,,,,,,,jamessangalli,weiwuzhang,1386,Attestation management contract,"Weiwu Zhang, James Sangalli",Stagnant,40,306,,,,,,,,,
,,,,,,,,,jamessangalli,weiwuzhang,1387,Merkle Tree Attestations with Privacy enabled,"Weiwu Zhang, James Sangalli",Stagnant,40,306,,,,,,,,,
,,,,,,,,,jamessangalli,weiwuzhang,1388,Attestation Issuers Management List,"Weiwu Zhang, James Sangalli",Stagnant,40,306,,,,,,,,,
,,,,,,,,,jeanm.cyr,pawelbylica,1355,Ethash 1a,"Paweł Bylica, Jean M. Cyr",Withdrawn,83,328,,,,,,,,,
,,,,,,,,,jennifercooper,brooklynzelenka,1444,Localized Messaging with Signal-to-Text,"Brooklyn Zelenka, Jennifer Cooper",Stagnant,44,330,,,,,,,,,
,,,,,,,,,jimmcdonald,benjaminchodroff,4736,Consensus Layer Withdrawal Protection,"Benjamin Chodroff, Jim McDonald",Stagnant,212,68,,,,,,,,,
,,,,,,,,,joeltorstensson,pellebraendgaard,1056,Ethereum Lightweight Identity,"Pelle Braendgaard, Joel Torstensson",Stagnant,53,312,,,,,,,,,
,,,,,,,,,jorgeizquierdo,deaneigenmann,900,Simple Staking Interface,"Dean Eigenmann, Jorge Izquierdo",Stagnant,43,42,,,,,,,,,
,,,,,,,,,juanblanco,aaronkendall,2746,Rules Engine Standard,"Aaron Kendall, Juan Blanco",Stagnant,146,354,,,,,,,,,
,,,,,,,,,juancarloscanto,ivanmanus,5216,EIP-1155 Approval By Amount Extension,"Ivan Manus, Juan Carlos Canto",Last Call,251,400,,,,,,,,,
,,,,,,,,,juliansvirsky,maximkupriianov,1462,Base Security Token,"Maxim Kupriianov, Julian Svirsky",Stagnant,86,332,,,,,,,,,
,,,,,,,,,keikreutler,aurynmacmillan,5005,Zodiac Modular Accounts,"Auryn Macmillan, Kei Kreutler",Review,191,389,,,,,,,,,
,,,,,,,,,kellyolson,alexvlasov,2537,Precompile for BLS12-381 curve operations,"Alex Vlasov, Kelly Olson",Stagnant,115,139,,,,,,,,,
,,,,,,,,,laurentaapro,cyrillapinte,1592,Address and ERC20-compliant transfer rules,"Cyril Lapinte, Laurent Aapro",Stagnant,96,335,,,,,,,,,
,,,,,,,,,louisguthmann,tombrand,2645,Hierarchical Deterministic Wallet for Layer-2,"Tom Brand, Louis Guthmann",Stagnant,144,353,,,,,,,,,
,,,,,,,,,lucadonno,samuelemarro,5375,NFT Author Information and Consent,"Samuele Marro, Luca Donno",Final,257,404,,,,,,,,,
,,,,,,,,,manuelaraoz,jorgeizquierdo,897,DelegateProxy,"Jorge Izquierdo, Manuel Araoz",Stagnant,42,307,,,,,,,,,
,,,,,,,,,mariusvanderwijden,afrischoedon,1716,Hardfork Meta: Petersburg,"Afri Schoedon, Marius van der Wijden",Final,23,226,,,,,,,,,
,,,,,,,,,mariusvanderwijden,martinholstswende,3155,EVM trace specification,"Martin Holst Swende, Marius van der Wijden",Stagnant,2,226,,,,,,,,,
,,,,,,,,,martinholstswende,felixjlange,1682,Storage Rent,"Felix J Lange, Martin Holst Swende",Withdrawn,101,2,,,,,,,,,
,,,,,,,,,martinmoravek,jarnomarttila,5023,Shareable Non-Fungible Token,"Jarno Marttila, Martin Moravek",Last Call,236,390,,,,,,,,,
,,,,,,,,,martinswende,vitalikbuterin,2929,Gas cost increases for state access opcodes,"Vitalik Buterin, Martin Swende",Final,1,358,,,,,,,,,
,,,,,,,,,martinswende,vitalikbuterin,2930,Optional access lists,"Vitalik Buterin, Martin Swende",Final,1,358,,,,,,,,,
,,,,,,,,,martinswende,vitalikbuterin,3298,Removal of refunds,"Vitalik Buterin, Martin Swende",Stagnant,1,358,,,,,,,,,
,,,,,,,,,martinswende,vitalikbuterin,3403,Partial removal of refunds,"Vitalik Buterin, Martin Swende",Stagnant,1,358,,,,,,,,,
,,,,,,,,,martinswende,vitalikbuterin,3529,Reduction in refunds,"Vitalik Buterin, Martin Swende",Final,1,358,,,,,,,,,
,,,,,,,,,matiasarazi,lucasmartingrassoramos,5516,Soulbound Multi-owner Tokens,"Lucas Martín Grasso Ramos, Matias Arazi",Review,265,406,,,,,,,,,
,,,,,,,,,mattstam,zainanvictorzhou,5732,Commit Interface,"Zainan Victor Zhou, Matt Stam",Final,71,421,,,,,,,,,
,,,,,,,,,micahzoltu,jamesray,908,Reward clients for a sustainable network,"James Ray, Micah Zoltu",Withdrawn,45,19,,,,,,,,,
,,,,,,,,,micahzoltu,nickjohnson,600,Ethereum purpose allocation for Deterministic Wallets,"Nick Johnson, Micah Zoltu",Final,10,19,,,,,,,,,
,,,,,,,,,micahzoltu,nickjohnson,601,Ethereum hierarchy for deterministic wallets,"Nick Johnson, Micah Zoltu",Final,10,19,,,,,,,,,
,,,,,,,,,mihirfaujdar,braytongoodall,4520,Mult-byte opcodes prefixed by EB and EC.,"Brayton Goodall, Mihir Faujdar",Stagnant,205,379,,,,,,,,,
,,,,,,,,,mikhailmelnik,antonbukov,3978,Gas refunds on reverts,"Anton Bukov, Mikhail Melnik",Stagnant,195,374,,,,,,,,,
,,,,,,,,,mineruniter969,mineruniter969,3372,5 FNV primes for ethash,"mineruniter969, mineruniter969",Stagnant,175,175,,,,,,,,,
,,,,,,,,,minzu,jeffhuang,1203,ERC-1203 Multi-Class Token Standard (ERC-20 Extension),"Jeff Huang, Min Zu",Stagnant,72,320,,,,,,,,,
,,,,,,,,,mojtabatefagh,hexzorro,3416,Median Gas Premium,"HexZorro, Mojtaba Tefagh",Stagnant,179,367,,,,,,,,,
,,,,,,,,,moodysalem,alexeyakhunov,1153,Transient storage opcodes,"Alexey Akhunov, Moody Salem",Last Call,62,294,,,,,,,,,
,,,,,,,,,nickjohnson,deaneigenmann,1577,contenthash field for ENS,"Dean Eigenmann, Nick Johnson",Stagnant,43,10,,,,,,,,,
,,,,,,,,,nickjohnson,martinholstswende,191,Signed Data Standard,"Martin Holst Swende, Nick Johnson",Final,2,10,,,,,,,,,
,,,,,,,,,nickjohnson,paulgauvreau,5559,Cross Chain Write Deferral Protocol,"Paul Gauvreau, Nick Johnson",Draft,271,10,,,,,,,,,
,,,,,,,,,nickjohnson,richardmoore,2098,Compact Signature Representation,"Richard Moore, Nick Johnson",Final,22,10,,,,,,,,,
,,,,,,,,,nickjohnson,richardmoore,3224,Described Data,"Richard Moore, Nick Johnson",Stagnant,22,10,,,,,,,,,
,,,,,,,,,nickjohnson,richardmoore,4430,Described Transactions,"Richard Moore, Nick Johnson",Stagnant,22,10,,,,,,,,,
,,,,,,,,,nickmudge,sohamzemse,2767,Contract Ownership Governance,"Soham Zemse, Nick Mudge",Stagnant,147,16,,,,,,,,,
,,,,,,,,,nikolaimushegian,alexberegszaszi,140,REVERT instruction,"Alex Beregszaszi, Nikolai Mushegian",Final,11,298,,,,,,,,,
,,,,,,,,,pandapip1,elie222,5507,Refundable Tokens,"elie222, Pandapip1",Draft,264,219,,,,,,,,,
,,,,,,,,,parthabhattacharya,chaitanyapotti,1261,Membership Verification Token (MVT),"Chaitanya Potti, Partha Bhattacharya",Stagnant,75,322,,,,,,,,,
,,,,,,,,,parthabhattacharya,chaitanyapotti,1417,Poll Standard,"Chaitanya Potti, Partha Bhattacharya",Stagnant,75,322,,,,,,,,,
,,,,,,,,,patrickgallagher,gabrielbarros,1822,Universal Upgradeable Proxy Standard (UUPS),"Gabriel Barros, Patrick Gallagher",Stagnant,106,340,,,,,,,,,
,,,,,,,,,pawelbylica,alexberegszaszi,145,Bitwise shifting instructions in EVM,"Alex Beregszaszi, Pawel Bylica",Final,11,83,,,,,,,,,
,,,,,,,,,pawelbylica,alexberegszaszi,1985,Sane limits for certain EVM parameters,"Alex Beregszaszi, Pawel Bylica",Stagnant,11,83,,,,,,,,,
,,,,,,,,,pawelbylica,nickjohnson,1052,EXTCODEHASH opcode,"Nick Johnson, Paweł Bylica",Final,10,83,,,,,,,,,
,,,,,,,,,pedrogomes,erikmarks,3085,Wallet Add Ethereum Chain RPC Method (`wallet_addEthereumChain`),"Erik Marks, Pedro Gomes",Stagnant,167,120,,,,,,,,,
,,,,,,,,,pedrogomes,ligi,1328,WalletConnect URI Format,"ligi, Pedro Gomes",Review,35,120,,,,,,,,,
,,,,,,,,,peterrobinson,weijiazhang,3220,Crosschain Identifier Specification,"Weijia Zhang, Peter Robinson",Stagnant,171,366,,,,,,,,,
,,,,,,,,,peterszilagyi,felixlange,1459,Node Discovery via DNS,"Felix Lange, Péter Szilágyi",Stagnant,6,18,,,,,,,,,
,,,,,,,,,philippecastonguay,agustinaguilar,5189,Account Abstraction via Endorsed Operations,"Agustín Aguilar, Philippe Castonguay",Draft,250,177,,,,,,,,,
,,,,,,,,,pierrickturelier,brendanasselstine,5164,Cross-Chain Execution,"Brendan Asselstine, Pierrick Turelier",Review,245,396,,,,,,,,,
,,,,,,,,,pipermerriam,gajindersingh,3584,Block Access List,"Gajinder Singh, Piper Merriam",Stagnant,187,17,,,,,,,,,
,,,,,,,,,portalnetworkteam,phyrextsai,1062,Formalize IPFS hash into ENS(Ethereum Name Service) resolver,"Phyrex Tsai, Portal Network Team",Stagnant,54,313,,,,,,,,,
,,,,,,,,,qinjian,leeraj,1973,Scalable Rewards,"Lee Raj, Qin Jian",Stagnant,117,345,,,,,,,,,
,,,,,,,,,qizhou,shudong,4972,Name-Owned Account,"Shu Dong, Qi Zhou",Draft,229,217,,,,,,,,,
,,,,,,,,,raphaelroullet,timdaubenschutz,4973,Account-bound Tokens,"Tim Daubenschutz, Raphael Roullet",Review,230,388,,,,,,,,,
,,,,,,,,,ricardoguilhermeschmidt,alexvandesande,1077,Gas relay for contract calls,"Alex Van de Sande, Ricardo Guilherme Schmidt",Stagnant,8,132,,,,,,,,,
,,,,,,,,,samwilson,danfinlay,5003,Insert Code into EOAs with AUTHUSURP,"Dan Finlay, Sam Wilson",Draft,31,165,,,,,,,,,
,,,,,,,,,santiagopalladino,dominicletz,2330,EXTSLOAD opcode,"Dominic Letz, Santiago Palladino",Draft,128,116,,,,,,,,,
,,,,,,,,,terrychen,austinzhu,5727,Semi-Fungible Soulbound Token,"Austin Zhu, Terry Chen",Draft,288,420,,,,,,,,,
,,,,,,,,,timbeiko,peterszilagyi,2364,eth/64: forkid-extended protocol handshake,"Peter Szilagyi, Tim Beiko",Final,18,196,,,,,,,,,
,,,,,,,,,timdaubenschutz,pandapip1,5380,EIP-721 Entitlement Extension,"Pandapip1, Tim Daubenschütz",Draft,219,230,,,,,,,,,
,,,,,,,,,tomaszstanczak,vitalikbuterin,2935,Save historical block hashes in state,"Vitalik Buterin, Tomasz Stanczak",Stagnant,1,359,,,,,,,,,
,,,,,,,,,trustfarm,trustfarm,1485,TEthashV1,"trustfarm, trustfarm",Stagnant,89,89,,,,,,,,,
,,,,,,,,,tyleryasaka,fabianvogelsteller,725,General key-value store and execution standard,"Fabian Vogelsteller, Tyler Yasaka",Stagnant,7,303,,,,,,,,,
,,,,,,,,,uriklarman,mattgarnett,2780,Reduce intrinsic transaction gas,"Matt Garnett, Uri Klarman",Withdrawn,145,356,,,,,,,,,
,,,,,,,,,victorporton,victorporton,3267,Giving Ethereum fees to Future Salaries,"Victor Porton, Victor Porton",Stagnant,172,172,,,,,,,,,
,,,,,,,,,viktorpernjek,hyungsukkang,5252,Account-bound Finance,"Hyungsuk Kang, Viktor Pernjek",Draft,253,402,,,,,,,,,
,,,,,,,,,vitalikbuterin,abdelhamidbakhta,3198,BASEFEE opcode,"Abdelhamid Bakhta, Vitalik Buterin",Final,163,1,,,,,,,,,
,,,,,,,,,vitalikbuterin,afrischoedon,649,Metropolis Difficulty Bomb Delay and Block Reward Reduction,"Afri Schoedon, Vitalik Buterin",Final,23,1,,,,,,,,,
,,,,,,,,,vitalikbuterin,dannyryan,2982,Serenity Phase 0,"Danny Ryan, Vitalik Buterin",Final,50,1,,,,,,,,,
,,,,,,,,,vitalikbuterin,fabianvogelsteller,20,Token Standard,"Fabian Vogelsteller, Vitalik Buterin",Final,7,1,,,,,,,,,
,,,,,,,,,vitalikbuterin,guillaumeballet,3102,Binary trie structure,"Guillaume Ballet, Vitalik Buterin",Draft,142,1,,,,,,,,,
,,,,,,,,,weiwu,james,5169,Client Script URI for Token Contracts,"James, Weiwu",Draft,246,397,,,,,,,,,
,,,,,,,,,williamschwab,simonfremaux,4494,Permit for ERC-721 NFTs,"Simon Fremaux, William Schwab",Draft,203,207,,,,,,,,,
,,,,,,,,,xinqiyang,zhenyusun,3589,Assemble assets into NFTs,"Zhenyu Sun, Xinqi Yang",Stagnant,168,370,,,,,,,,,
,,,,,,,,,yoavweiss,alexforshtat,1706,Disable SSTORE with gasleft lower than call stipend,"Alex Forshtat, Yoav Weiss",Withdrawn,102,97,,,,,,,,,
,,,,,,,,,zacharybelford,shanejonas,1901,Add OpenRPC Service Discovery To JSON-RPC Services,"Shane Jonas, Zachary Belford",Stagnant,112,342,,,,,,,,,
,,,,,,,,,zacharywilliamson,antoniosalazarcardozo,1108,Reduce alt_bn128 precompile gas costs,"Antonio Salazar Cardozo, Zachary Williamson",Final,58,314,,,,,,,,,
,,,,,,,,,zainanvictorzhou,pandapip1,5920,PAY opcode,"Pandapip1, Zainan Victor Zhou",Draft,219,71,,,,,,,,,
,,,,,,,,albertocuestacanada,robertrobbins,juliantraversa,5095,Principal Token,"Julian Traversa, Robert Robbins, Alberto Cuesta Cañada",Draft,241,392,170,,,,,,,,
,,,,,,,,alexberegszaszi,pawelbylica,andreimaiboroda,5450,EOF - Stack Validation,"Andrei Maiboroda, Paweł Bylica, Alex Beregszaszi",Review,214,83,11,,,,,,,,
,,,,,,,,alexberegszaszi,pawelbylica,martinholstswende,2677,Limit size of `initcode`,"Martin Holst Swende, Paweł Bylica, Alex Beregszaszi",Stagnant,2,83,11,,,,,,,,
,,,,,,,,alexforshtat,drortirosh,yoavweiss,1613,Gas stations network,"Yoav Weiss, Dror Tirosh, Alex Forshtat",Stagnant,97,336,102,,,,,,,,
,,,,,,,,alexstokes,lightclient,georgekadianakis,4444,Bound Historical Data in Execution Clients,"George Kadianakis, lightclient, Alex Stokes",Draft,202,193,215,,,,,,,,
,,,,,,,,alexvandesande,nickjohnson,maurelian,162,Initial ENS Hash Registrar,"Maurelian, Nick Johnson, Alex Van de Sande",Final,14,10,8,,,,,,,,
,,,,,,,,andreimaiboroda,pawelbylica,alexberegszaszi,3540,EOF - EVM Object Format v1,"Alex Beregszaszi, Pawel Bylica, Andrei Maiboroda",Review,11,83,214,,,,,,,,
,,,,,,,,andreimaiboroda,pawelbylica,alexberegszaszi,3690,EOF - JUMPDEST Table,"Alex Beregszaszi, Pawel Bylica, Andrei Maiboroda",Stagnant,11,83,214,,,,,,,,
,,,,,,,,andresel-fakdi,joseplluisdelarosa,victormunoz,4944,Contract with Exactly One Non-fungible Token,"Víctor Munoz, Josep Lluis de la Rosa, Andres El-Fakdi",Stagnant,227,387,477,,,,,,,,
,,,,,,,,antonbuenavista,longvuong,vunguyen,5115,Super Composable Yield Token,"Vu Nguyen, Long Vuong, Anton Buenavista",Draft,242,393,482,,,,,,,,
,,,,,,,,auroreguillevic,michaelconnor,youssefelhousni,3026,BW6-761 curve operations,"Youssef El Housni, Michael Connor, Aurore Guillevic",Stagnant,161,113,461,,,,,,,,
,,,,,,,,brooklynzelenka,gregcolvin,gregcolvin,3779,Safer Control Flow for the EVM,"Greg Colvin, Greg Colvin, Brooklyn Zelenka",Withdrawn,20,20,44,,,,,,,,
,,,,,,,,daniellehrner,fernandoparis,juliofaura,1996,Holdable Token,"Julio Faura, Fernando Paris, Daniel Lehrner",Stagnant,118,121,119,,,,,,,,
,,,,,,,,daniellehrner,fernandoparis,juliofaura,2018,Clearable Token,"Julio Faura, Fernando Paris, Daniel Lehrner",Stagnant,118,121,119,,,,,,,,
,,,,,,,,daniellehrner,fernandoparis,juliofaura,2020,E-Money Standard Token,"Julio Faura, Fernando Paris, Daniel Lehrner",Stagnant,118,121,119,,,,,,,,
,,,,,,,,daniellehrner,juliofaura,fernandoparis,2019,Fundable Token,"Fernando Paris, Julio Faura, Daniel Lehrner",Stagnant,121,118,119,,,,,,,,
,,,,,,,,daniellehrner,juliofaura,fernandoparis,2021,Payoutable Token,"Fernando Paris, Julio Faura, Daniel Lehrner",Stagnant,121,118,119,,,,,,,,
,,,,,,,,dankradfeist,vitalikbuterin,guillaumeballet,4758,Deactivate SELFDESTRUCT,"Guillaume Ballet, Vitalik Buterin, Dankrad Feist",Review,142,1,188,,,,,,,,
,,,,,,,,dankradfeist,vitalikbuterin,guillaumeballet,4760,SELFDESTRUCT bomb,"Guillaume Ballet, Vitalik Buterin, Dankrad Feist",Stagnant,142,1,188,,,,,,,,
,,,,,,,,dankradfeist,vitalikbuterin,guillaumeballet,4762,Statelessness gas cost changes,"Guillaume Ballet, Vitalik Buterin, Dankrad Feist",Stagnant,142,1,188,,,,,,,,
,,,,,,,,dannyryan,sachasaint-leger,michaelsproul,3076,Slashing Protection Interchange Format,"Michael Sproul, Sacha Saint-Leger, Danny Ryan",Last Call,166,364,50,,,,,,,,
,,,,,,,,davidknott,kevinbritz,peterjihoonkim,3009,Transfer With Authorization,"Peter Jihoon Kim, Kevin Britz, David Knott",Stagnant,159,363,460,,,,,,,,
,,,,,,,,davidnunez,robertobayardo,johnpeterson,4931,Generic Token Upgrade Standard,"John Peterson, Roberto Bayardo, David Núñez",Stagnant,225,386,476,,,,,,,,
,,,,,,,,davidzhang,howardmarks,johnshiple,1450,ERC-1450 A compatible security token for issuing and trading SEC-compliant securities,"John Shiple, Howard Marks, David Zhang",Stagnant,85,331,442,,,,,,,,
,,,,,,,,dennisvonderbey,lauritzleifermann,philippbolte,5539,Revocation List Registry,"Philipp Bolte, Lauritz Leifermann, Dennis von der Bey",Draft,268,408,490,,,,,,,,
,,,,,,,,duncanwestland,chaitanyakonda,michaelconnor,1922,zk-SNARK Verifier Standard,"Michael Connor, Chaitanya Konda, Duncan Westland",Stagnant,113,343,452,,,,,,,,
,,,,,,,,duncanwestland,chaitanyakonda,michaelconnor,1923,zk-SNARK Verifier Registry Standard,"Michael Connor, Chaitanya Konda, Duncan Westland",Stagnant,113,343,452,,,,,,,,
,,,,,,,,easyinnova,joseplluisdelarosa,victormunoz,4950,Entangled Tokens,"Víctor Munoz, Josep Lluis de la Rosa, Easy Innova",Draft,227,387,478,,,,,,,,
,,,,,,,,edison0xyz,zhongfu,zlace,5827,Auto-renewable allowance extension,"zlace, zhongfu, edison0xyz",Draft,295,426,502,,,,,,,,
,,,,,,,,garyrong,felixlange,mariusvanderwijden,4938,eth/67 - Removal of GetNodeData,"Marius van der Wijden, Felix Lange, Gary Rong",Draft,226,6,349,,,,,,,,
,,,,,,,,glebnaumenko,tomcarchrae,brooklynzelenka,902,Token Validation,"Brooklyn Zelenka, Tom Carchrae, Gleb Naumenko",Stagnant,44,308,433,,,,,,,,
,,,,,,,,glebnaumenko,tomcarchrae,brooklynzelenka,1066,Status Codes,"Brooklyn Zelenka, Tom Carchrae, Gleb Naumenko",Stagnant,44,308,433,,,,,,,,
,,,,,,,,hadriencroubois,franciscogiordano,ernestogarcia,6093,Custom errors for commonly-used tokens,"Ernesto García, Francisco Giordano, Hadrien Croubois",Draft,297,76,138,,,,,,,,
,,,,,,,,hadriencroubois,franciscogiordano,santiagopalladino,1967,Proxy Storage Slots,"Santiago Palladino, Francisco Giordano, Hadrien Croubois",Final,116,76,138,,,,,,,,
,,,,,,,,jacobevans,leonidlogvinov,remcobloemen,712,Typed structured data hashing and signing,"Remco Bloemen, Leonid Logvinov, Jacob Evans",Final,29,301,430,,,,,,,,
,,,,,,,,jiangshanyu,haoyulin,runchaohan,2266,Atomic Swap-based American Call Option Contract Standard,"Runchao Han, Haoyu Lin, Jiangshan Yu",Last Call,125,347,453,,,,,,,,
,,,,,,,,joemesserman,natewelch,petermurray,1167,Minimal Proxy Contract,"Peter Murray, Nate Welch, Joe Messerman",Final,65,316,438,,,,,,,,
,,,,,,,,john,alex,tyler,5058,Lockable Non-Fungible Tokens,"Tyler, Alex, John",Draft,238,385,479,,,,,,,,
,,,,,,,,jordanschalm,nickmudge,mattlockyer,998,ERC-998 Composable Non-Fungible Token Standard,"Matt Lockyer, Nick Mudge, Jordan Schalm",Stagnant,48,16,435,,,,,,,,
,,,,,,,,jordibaylina,martabelles,barrywhitehat,2494,Baby Jubjub Elliptic Curve,"Barry WhiteHat, Marta Bellés, Jordi Baylina",Stagnant,136,350,36,,,,,,,,
,,,,,,,,joshuahendrix,jakobhelgesson,lucvankampen,5094,URL Format for Ethereum Network Switching,"Luc van Kampen, Jakob Helgesson, Joshua Hendrix",Draft,240,391,481,,,,,,,,
,,,,,,,,julienberanger,fredericlecoidic,olivierfernandez,5560,Redeemable NFTs,"Olivier Fernandez, Frédéric Le Coidic, Julien Béranger",Draft,272,410,491,,,,,,,,
,,,,,,,,konradfeldmeier,nickjohnson,zainanvictorzhou,5081,Expirable Trainsaction,"Zainan Victor Zhou, Nick Johnson, Konrad Feldmeier",Draft,71,10,480,,,,,,,,
,,,,,,,,krisshinn,raulkripalani,nickjohnson,1767,GraphQL interface to Ethereum node data,"Nick Johnson, Raúl Kripalani, Kris Shinn",Stagnant,10,339,450,,,,,,,,
,,,,,,,,lanerettig,kevinowocki,gregorymarkou,1890,Commitment to Sustainable Ecosystem Funding,"Gregory Markou, Kevin Owocki, Lane Rettig",Withdrawn,108,81,451,,,,,,,,
,,,,,,,,mariusvanderwijden,dmitrykhovratovich,dankradfeist,3607,Reject transactions from senders with deployed code,"Dankrad Feist, Dmitry Khovratovich, Marius van der Wijden",Final,188,371,226,,,,,,,,
,,,,,,,,mariusvanderwijden,pawelbylica,andrealanfranchi,1571,EthereumStratum/2.0.0,"Andrea Lanfranchi, Pawel Bylica, Marius Van Der Wijden",Stagnant,93,83,226,,,,,,,,
,,,,,,,,marvinmartin,pol-malolebris,omaraflak,4671,Non-Tradable Tokens Standard,"Omar Aflak, Pol-Malo Le Bris, Marvin Martin",Draft,210,382,471,,,,,,,,
,,,,,,,,muhammedeminaydin,mucahitbuyukyilmaz,stanleywu,5345,Silent Signing Extension for JSON-RPC,"Stanley Wu, Mücahit Büyükyılmaz, Muhammed Emin Aydın",Draft,256,403,487,,,,,,,,
,,,,,,,,nikhilasrani,khemrajadhawade,gaurangtorvekar,5606,Multiverse NFTs,"Gaurang Torvekar, Khemraj Adhawade, Nikhil Asrani",Review,279,415,495,,,,,,,,
,,,,,,,,pawelbylica,alexberegszaszi,andreimaiboroda,4750,EOF - Functions,"Andrei Maiboroda, Alex Beregszaszi, Paweł Bylica",Review,214,11,83,,,,,,,,
,,,,,,,,pawelbylica,alexberegszaszi,harikrishnanmulackal,5000,MULDIV instruction,"Harikrishnan Mulackal, Alex Beregszaszi, Paweł Bylica",Draft,233,11,83,,,,,,,,
,,,,,,,,pawelbylica,andreimaiboroda,alexberegszaszi,3670,EOF - Code Validation,"Alex Beregszaszi, Andrei Maiboroda, Paweł Bylica",Review,11,214,83,,,,,,,,
,,,,,,,,pawelbylica,andreimaiboroda,alexberegszaszi,4200,EOF - Static relative jumps,"Alex Beregszaszi, Andrei Maiboroda, Paweł Bylica",Review,11,214,83,,,,,,,,
,,,,,,,,pawelbylica,hugodelacruz,alexberegszaszi,3855,PUSH0 instruction,"Alex Beregszaszi, Hugo De la cruz, Paweł Bylica",Review,11,373,83,,,,,,,,
,,,,,,,,pinkiebell,benbollen,johannbarbie,1948,Non-fungible Data Token,"Johann Barbie, Ben Bollen, pinkiebell",Stagnant,114,344,181,,,,,,,,
,,,,,,,,reubenyoungblom,jameslevy,danphifer,867,Standardized Ethereum Recovery Proposals,"Dan Phifer, James Levy, Reuben Youngblom",Stagnant,39,305,432,,,,,,,,
,,,,,,,,ricardoguilhermeschmidt,kevinowocki,markbeylin,1081,Standard Bounties,"Mark Beylin, Kevin Owocki, Ricardo Guilherme Schmidt",Stagnant,56,81,132,,,,,,,,
,,,,,,,,samwilson,chaopi,qizhou,4804,Web3 URL to EVM Call Message Translation,"Qi Zhou, Chao Pi, Sam Wilson",Review,217,384,165,,,,,,,,
,,,,,,,,shrug,anders,lance,5006,"Rental NFT, NFT User Extension","Lance, Anders, Shrug",Last Call,234,223,475,,,,,,,,
,,,,,,,,shrug,lance,anders,4907,"Rental NFT, an Extension of EIP-721","Anders, Lance, Shrug",Final,223,234,475,,,,,,,,
,,,,,,,,shrug,lance,anders,5007,"Time NFT, EIP-721 Time Extension","Anders, Lance, Shrug",Last Call,223,234,475,,,,,,,,
,,,,,,,,shrug,lance,anders,5008,EIP-721 Nonce Extension,"Anders, Lance, Shrug",Review,223,234,475,,,,,,,,
,,,,,,,,suleymankardas,mehmetsabirkiraz,tonycarson,2917,Staking Reward Calculation,"Tony Carson, Mehmet Sabir Kiraz, Süleyman Kardaş",Stagnant,151,357,456,,,,,,,,
,,,,,,,,thomasjayrush,jameshancock,timbeiko,4345,Difficulty Bomb Delay to June 2022,"Tim Beiko, James Hancock, Thomas Jay Rush",Final,196,122,467,,,,,,,,
,,,,,,,,thomasshababi,jordibaylina,jacquesdafflon,777,Token Standard,"Jacques Dafflon, Jordi Baylina, Thomas Shababi",Final,33,36,431,,,,,,,,
,,,,,,,,timbeiko,garyrong,peterszilagyi,2464,eth/65: transaction announcements and retrievals,"Peter Szilagyi, Gary Rong, Tim Beiko",Final,18,349,196,,,,,,,,
,,,,,,,,tylerkell,yanji,jamesgrimmelmann,5218,NFT Rights Management,"James Grimmelmann, Yan Ji, Tyler Kell",Draft,252,401,486,,,,,,,,
,,,,,,,,vitalikbuterin,dannyryan,mikhailkalinin,3675,Upgrade consensus to Proof-of-Stake,"Mikhail Kalinin, Danny Ryan, Vitalik Buterin",Final,190,50,1,,,,,,,,
,,,,,,,,witekradomski,williamentriken,kristijansedlak,2477,Token Metadata Integrity,"Kristijan Sedlak, William Entriken, Witek Radomski",Stagnant,134,30,64,,,,,,,,
,,,,,,,,yinxu,evan,zainanvictorzhou,1202,Voting Interface,"Zainan Victor Zhou, Evan, Yin Xu",Draft,71,319,440,,,,,,,,
,,,,,,,,zainanvictorzhou,alexqin,allenzhou,5604,NFT Lien,"Allen Zhou, Alex Qin, Zainan Victor Zhou",Draft,278,414,71,,,,,,,,
,,,,,,,abhimanyunag,joshklopfenstein,ericmartihaynes,tomaszkajetanstanczak,5133,Delaying Difficulty Bomb to mid-September 2022,"Tomasz Kajetan Stanczak, Eric Marti Haynes, Josh Klopfenstein, Abhimanyu Nag",Final,244,395,484,536,,,,,,,
,,,,,,,andreimaiboroda,alexberegszaszi,pawelbylica,martinholstswende,3860,Limit and meter initcode,"Martin Holst Swende, Paweł Bylica, Alex Beregszaszi, Andrei Maiboroda",Review,2,83,11,214,,,,,,,
,,,,,,,austinwilliams,fubuloubu,fionakobayashi,albertocuestacanada,3156,Flash Loans,"Alberto Cuesta Canada, Fiona Kobayashi, fubuloubu, Austin Williams",Final,170,365,462,525,,,,,,,
,,,,,,,austinwilliams,fubuloubu,fionakobayashi,albertocuestacanada,3234,Batch Flash Loans,"Alberto Cuesta Canada, Fiona Kobayashi, fubuloubu, Austin Williams",Stagnant,170,365,462,525,,,,,,,
,,,,,,,benjaminhauser,g.nicholasd'andrea,pipermerriam,nickgheorghita,2942,EthPM URI Specification,"Nick Gheorghita, Piper Merriam, g. nicholas d'andrea, Benjamin Hauser",Stagnant,154,17,457,522,,,,,,,
,,,,,,,brandongrill,michaelseiler,infernal_toast,jaylogelin,918,Mineable Token Standard,"Jay Logelin, Infernal_toast, Michael Seiler, Brandon Grill",Stagnant,46,309,434,506,,,,,,,
,,,,,,,christianreitwiessner,pawelbylica,brooklynzelenka,gregcolvin,615,Subroutines and Static Jumps for the EVM,"Greg Colvin, Brooklyn Zelenka, Paweł Bylica, Christian Reitwiessner",Stagnant,20,44,83,4,,,,,,,
,,,,,,,cygaar,cameronrobertson,locationtba,2pmflow,5791,Physical Backed Tokens,"2pmflow, locationtba, Cameron Robertson, cygaar",Draft,293,425,501,285,,,,,,,
,,,,,,,dannyryan,nickgheorghita,pipermerriam,g.nicholasdandrea,1123,Revised Ethereum Smart Contract Packaging Standard,"g. nicholas dandrea, Piper Merriam, Nick Gheorghita, Danny Ryan",Withdrawn,59,17,154,50,,,,,,,
,,,,,,,davidlevitgurevich,avihulevy,elibensasson,abdelhamidbakhta,5988,Add Poseidon hash function precompile,"Abdelhamid Bakhta, Eli Ben Sasson, Avihu Levy, David Levit Gurevich",Draft,163,346,503,547,,,,,,,
,,,,,,,defifofum,mario,marcodevries,apeguru,5725,Transferable Vesting NFT,"Apeguru, Marco De Vries, Mario, DeFiFoFum",Draft,287,419,498,544,,,,,,,
,,,,,,,ericbinet,jamestherien,andrewcooke,witekradomski,1761,Scoped Approval Interface,"Witek Radomski, Andrew Cooke, James Therien, Eric Binet",Stagnant,64,315,449,517,,,,,,,
,,,,,,,erikmarks,fantorchz,weitang,isaacardis,695,Create `eth_chainId` method for JSON-RPC,"Isaac Ardis, Wei Tang, Fan Torchz, Erik Marks",Final,27,78,429,167,,,,,,,
,,,,,,,ifdefelse,michaelcarter,andrealanfranchi,gregcolvin,1057,"ProgPoW, a Programmatic Proof-of-Work","Greg Colvin, Andrea Lanfranchi, Michael Carter, IfDefElse",Stagnant,20,93,437,507,,,,,,,
,,,,,,,iluminadabaturone,robertoroman,rosarioarjona,javierarcenegui,4519,Non-Fungible Tokens Tied to Physical Assets,"Javier Arcenegui, Rosario Arjona, Roberto Roman, Iluminada Baturone",Final,204,378,469,530,,,,,,,
,,,,,,,jameshancock,piotrdyraga,mattluongo,tjadenhess,152,Add BLAKE2 compression function `F` precompile,"Tjaden Hess, Matt Luongo, Piotr Dyraga, James Hancock",Final,12,299,427,122,,,,,,,
,,,,,,,jamesseibel,blainemalone,jamesmorgan,zachburks,2981,NFT Royalty Standard,"Zach Burks, James Morgan, Blaine Malone, James Seibel",Final,156,361,459,524,,,,,,,
,,,,,,,johnmaxskaller,brooklynzelenka,martinholstswende,gregcolvin,2315,Simple Subroutines for the EVM,"Greg Colvin, Martin Holst Swende, Brooklyn Zelenka, John Max Skaller",Review,20,2,44,518,,,,,,,
,,,,,,,kyledenhartog,andreabrancaleoni,brianr.bondy,yanzhu,5593,Restrict Ethereum Provider API Injection,"Yan Zhu, Brian R. Bondy, Andrea Brancaleoni, Kyle Den Hartog",Draft,277,413,494,542,,,,,,,
,,,,,,,ligi,pedrogomes,richardmeissner,lukasschor,3770,Chain-specific addresses,"Lukas Schor, Richard Meissner, Pedro Gomes, ligi",Draft,194,82,120,35,,,,,,,
,,,,,,,manuelolivi,robertogorini,alanscarpellini,gianlucaperletti,2980,Swiss Compliant Asset Token,"Gianluca Perletti, Alan Scarpellini, Roberto Gorini, Manuel Olivi",Stagnant,155,360,458,523,,,,,,,
,,,,,,,mattcondon,johnzettler,mattrusso,tommynicholas,1046,ERC20 Metadata Extension,"Tommy Nicholas, Matt Russo, John Zettler, Matt Condon",Stagnant,52,311,436,323,,,,,,,
,,,,,,,micahzoltu,mattgarnett,ansgardietrichs,samwilson,3074,AUTH and AUTHCALL opcodes,"Sam Wilson, Ansgar Dietrichs, Matt Garnett, Micah Zoltu",Stagnant,165,200,145,19,,,,,,,
,,,,,,,nastassiasachs,jacobevans,dietershirley,williamentriken,721,Non-Fungible Token Standard,"William Entriken, Dieter Shirley, Jacob Evans, Nastassia Sachs",Final,30,302,430,505,,,,,,,
,,,,,,,natevanderende,kirylyermakou,danlong,billyrennekamp,1633,Re-Fungible Token Standard (RFT),"Billy Rennekamp, Dan Long, Kiryl Yermakou, Nate van der Ende",Stagnant,100,337,447,515,,,,,,,
,,,,,,,nathan,shrug,lance,anders,4906,EIP-721 Metadata Update Extension,"Anders, Lance, Shrug, Nathan",Final,223,234,475,534,,,,,,,
,,,,,,,nickgheorghita,g.nicholasdandrea,christophergewecke,pipermerriam,1319,Smart Contract Package Registry Interface,"Piper Merriam, Christopher Gewecke, g. nicholas dandrea, Nick Gheorghita",Stagnant,17,325,59,154,,,,,,,
,,,,,,,nickjohnson,brantlymillegan,gregoryrocco,waynechang,4361,Sign-In with Ethereum,"Wayne Chang, Gregory Rocco, Brantly Millegan, Nick Johnson",Review,198,376,468,10,,,,,,,
,,,,,,,noahzinsmeister,shanehampton,andychorlian,anuragangara,1484,Digital Identity Aggregator,"Anurag Angara, Andy Chorlian, Shane Hampton, Noah Zinsmeister",Stagnant,88,333,443,511,,,,,,,
,,,,,,,phd,dwang,dradiant,yalereisoleil,5173,NFT Future Rewards (nFR),"Yale ReiSoleil, dRadiant, D Wang, PhD",Draft,247,398,485,537,,,,,,,
,,,,,,,ranxing,derekzhou,yuefeitan,huazhang,2569,Saving and Displaying Image Onchain for Universal Tokens,"Hua Zhang, Yuefei Tan, Derek Zhou, Ran Xing",Stagnant,141,352,455,520,,,,,,,
,,,,,,adamboudjemaa,lucfalempin,kevinthizy,tonymalghem,joachimlebrun,3643,T-REX - Token for Regulated EXchanges,"Joachim Lebrun, Tony Malghem, Kevin Thizy, Luc Falempin, Adam Boudjemaa",Stagnant,189,372,465,528,557,,,,,,
,,,,,,andy8052,jakerockland,ryley-o,wilkinschung,foobar,5639,Delegation Registry,"foobar, Wilkins Chung, ryley-o, Jake Rockland, andy8052",Draft,284,243,496,543,566,,,,,,
,,,,,,austingriffith,blockdev,damianmartinelli,alex,andrewbcoathup,4883,Composable SVG NFT,"Andrew B Coathup, Alex, Damian Martinelli, blockdev, Austin Griffith",Draft,221,385,474,533,561,,,,,,
,,,,,,avihulevy,louisguthmann,tombrand,elibensasson,alexeyakhunov,2028,Transaction data gas cost reduction,"Alexey Akhunov, Eli Ben Sasson, Tom Brand, Louis Guthmann, Avihu Levy",Final,62,346,144,353,503,,,,,,
,,,,,,cyberpnk,sillytuna,cry,jalilwahdatehagh,wilkinschung,5131,SAFE Authentication For ENS,"Wilkins Chung, Jalil Wahdatehagh, Cry, Sillytuna, Cyberpnk",Draft,243,394,483,535,562,,,,,,
,,,,,,dankradfeist,justindrake,simonpeffers,seangulley,kellyolson,2565,ModExp Gas Cost,"Kelly Olson, Sean Gulley, Simon Peffers, Justin Drake, Dankrad Feist",Final,139,351,454,519,188,,,,,,
,,,,,,dobbylabs,janbures,tomasjanca,davidrabel,jansmrza,5501,Rental & Delegation NFT - EIP-721 Extension,"Jan Smrza, David Rábel, Tomas Janca, Jan Bures, DOBBYLABS",Draft,262,405,488,538,563,,,,,,
,,,,,,erikmarks,marcgarreau,victormaia,ryanghods,fabianvogelsteller,1193,Ethereum Provider JavaScript API,"Fabian Vogelsteller, Ryan Ghods, Victor Maia, Marc Garreau, Erik Marks",Final,7,318,439,508,167,,,,,,
,,,,,,fovcao,fred,tiger,seanng,veegalabs,5585,EIP-721 NFT Authorization,"Veega Labs, Sean NG, Tiger, Fred, Fov Cao",Draft,276,412,493,541,565,,,,,,
,,,,,,iurimatias,rjcatalano,deniserfurt,timcoulter,pipermerriam,190,Ethereum Smart Contract Packaging Standard,"Piper Merriam, Tim Coulter, Denis Erfurt, RJ Catalano, Iuri Matias",Final,17,300,428,504,548,,,,,,
,,,,,,janturk,stevanbogosavljevic,stevenpineda,cicada,brunoskvorc,5773,Context-Dependent Multi-Asset Tokens,"Bruno Skvorc, Cicada, Steven Pineda, Stevan Bogosavljevic, Jan Turk",Review,292,424,500,546,60,,,,,,
,,,,,,janturk,stevanbogosavljevic,stevenpineda,cicada,brunoskvorc,6059,Parent-Governed Nestable Non-Fungible Tokens,"Bruno Skvorc, Cicada, Steven Pineda, Stevan Bogosavljevic, Jan Turk",Draft,292,424,500,546,60,,,,,,
,,,,,,katrinadonaghy,carolinemarshall,annacrowley,kaiyeung,lucascullen,1753,Smart Contract Interface for Licences,"Lucas Cullen, Kai Yeung, Anna Crowley, Caroline Marshall, Katrina Donaghy",Stagnant,104,338,448,516,553,,,,,,
,,,,,,samwilson,willvillanueva,mattgarnett,ansgardietrichs,vitalikbuterin,2938,Account Abstraction,"Vitalik Buterin, Ansgar Dietrichs, Matt Garnett, Will Villanueva, Sam Wilson",Stagnant,1,200,145,521,165,,,,,,
,,,,,,senordoggo,albertocuestacanada,jetjadeja,t11s,joeysantoro,4626,Tokenized Vaults,"Joey Santoro, t11s, Jet Jadeja, Alberto Cuesta Cañada, Señor Doggo",Final,209,381,470,170,559,,,,,,
,,,,,,stephanegosselin,alejosalles,leoarias,santiagopalladino,0age,1616,Attribute Registry Standard,"0age, Santiago Palladino, Leo Arias, Alejo Salles, Stephane Gosselin",Stagnant,98,116,446,514,552,,,,,,
,,,,,,waynechang,samgbafa,charleslehner,jacobward,oliverterbu,5573,"Sign-In with Ethereum Capabilities, ReCaps","Oliver Terbu, Jacob Ward, Charles Lehner, Sam Gbafa, Wayne Chang",Draft,275,411,492,540,198,,,,,,
,,,,,,xuanzheliu,yunma,ruthiahe,chuqiaoren,kaidongwu,1504,Upgradable Smart Contract,"Kaidong Wu, Chuqiao Ren, Ruthia He, Yun Ma, Xuanzhe Liu",Stagnant,91,334,444,512,550,,,,,,
,,,,,abdelhamidbakhta,iannorden,matthewslipper,rickdudley,ericconner,vitalikbuterin,1559,Fee market change for ETH 1.0 chain,"Vitalik Buterin, Eric Conner, Rick Dudley, Matthew Slipper, Ian Norden, Abdelhamid Bakhta",Final,1,130,445,513,551,163,,,,,
,,,,,alvisdu,zhongxinwu,ryanchow,ethany.tsai,mikemeng,willwang,3525,Semi-Fungible Token,"Will Wang, Mike Meng, Ethan Y. Tsai, Ryan Chow, Zhongxin Wu, AlvisDu",Final,185,369,464,527,556,571,,,,,
,,,,,bertrandmasius,jorgeizquierdo,amirbandeali,philippecastonguay,mattcondon,franciscogiordano,1271,Standard Signature Validation Method for Contracts,"Francisco Giordano, Matt Condon, Philippe Castonguay, Amir Bandeali, Jorge Izquierdo, Bertrand Masius",Final,76,323,177,509,42,568,,,,,
,,,,,bryanteisenbach,benhauser,christianreitwiessner,nickgheorghita,pipermerriam,g.nicholasdandrea,2678,Revised Ethereum Smart Contract Packaging Standard (EthPM v3),"g. nicholas dandrea, Piper Merriam, Nick Gheorghita, Christian Reitwiessner, Ben Hauser, Bryant Eisenbach",Final,59,17,154,4,554,327,,,,,
,,,,,charlescooper,pawelbylica,caseydetrio,jaredwasinger,pauldworzanski,alexberegszaszi,5656,Memory copying instruction,"Alex Beregszaszi, Paul Dworzanski, Jared Wasinger, Casey Detrio, Pawel Bylica, Charles Cooper",Draft,11,418,497,34,83,110,,,,,
,,,,,jiangshanyu,sherryxu,shipingchen,shangefu,qinwang,saberyu,5521,Referable NFT,"Saber Yu, Qin Wang, Shange Fu, Shiping Chen, Sherry Xu, Jiangshan Yu",Draft,266,407,489,539,564,453,,,,,
,,,,,martinswende,christianreitwiessner,alexeyakhunov,andreimaiboroda,pawelbylica,alexberegszaszi,3541,Reject new contract code starting with the 0xEF byte,"Alex Beregszaszi, Pawel Bylica, Andrei Maiboroda, Alexey Akhunov, Christian Reitwiessner, Martin Swende",Final,11,83,214,62,4,358,,,,,
,,,,,ronansandford,ericbinet,jamestherien,philippecastonguay,andrewcooke,witekradomski,1155,Multi Token Standard,"Witek Radomski, Andrew Cooke, Philippe Castonguay, James Therien, Eric Binet, Ronan Sandford",Final,64,315,177,449,517,9,,,,,
,,,,,samfurter,michaelzargham,eyaleithcowich,idogershtein,isaacpatka,joshuatan,4824,Common Interfaces for DAOs,"Joshua Tan, Isaac Patka, Ido Gershtein, Eyal Eithcowich, Michael Zargham, Sam Furter",Draft,218,270,472,532,560,574,,,,,
,,,,,touficbatrice,samuelgwlanoldedoumou,dhruvmalik,cedricngakam,varundeshpande,yuliu,3475,Abstract Storage Bonds,"Yu Liu, Varun Deshpande, Cedric Ngakam, Dhruv Malik, Samuel Gwlanold Edoumou, Toufic Batrice",Final,183,368,463,526,555,570,,,,,
,,,,,williamentriken,konradfeldmeier,jordibaylina,fabianvogelsteller,nickjohnson,christianreitwiebner,165,Standard Interface Detection,"Christian ReitwieBner, Nick Johnson, Fabian Vogelsteller, Jordi Baylina, Konrad Feldmeier, William Entriken",Final,15,10,7,36,480,30,,,,,
,,,,ansgardietrichs,mofitaiwo,mattgarnett,georgekadianakis,diederikloerakker,dankradfeist,vitalikbuterin,4844,Shard Blob Transactions,"Vitalik Buterin, Dankrad Feist, Diederik Loerakker, George Kadianakis, Matt Garnett, Mofi Taiwo, Ansgar Dietrichs",Draft,1,188,473,202,145,575,200,,,,
,,,,franzchen,chadfleming,payomdousti,davidlaprade,mattsolomon,tonysheng,cozyfinance,5744,Latent Fungible Token,"Cozy Finance, Tony Sheng, Matt Solomon, David Laprade, Payom Dousti, Chad Fleming, Franz Chen",Draft,289,422,499,545,567,576,580,,,,
,,,,lixinliu,xardass,andreasgassmann,danmiller,ligi,soralee,aaronchen,4527,QR Code transmission protocol for wallets,"Aaron Chen, Sora Lee, ligi, Dan Miller, AndreasGassmann, xardass, Lixin Liu",Review,208,380,35,531,558,573,579,,,,
,,,,tjadenhess,shahafnacson,drortirosh,namrapatel,kristofgazso,yoavweiss,vitalikbuterin,4337,Account Abstraction using alt mempool,"Vitalik Buterin, Yoav Weiss, Kristof Gazso, Namra Patel, Dror Tirosh, Shahaf Nacson, Tjaden Hess",Draft,1,97,466,529,336,572,12,,,,
,nathancreswell,johngriffin,ankitraj,piotrkosinski,stefansimec,lukakacil,kevinseagraves,scottburke,andrewredden,kevinowocki,1337,Subscriptions on the blockchain,"Kevin Owocki, Andrew Redden, Scott Burke, Kevin Seagraves, Luka Kacil, Stefan Simec, Piotr Kosinski, ankit raj, John Griffin, Nathan Creswell",Stagnant,81,326,441,510,549,569,577,581,583,585,
pandapip1,fabianvogelsteller,nicolasventuro,patrickmccorry,sachintomar,hadriencroubois,alexforshtat,yoavweiss,drortirosh,lirazsiri,ronansandford,2771,Secure Protocol for Native Meta Transactions,"Ronan Sandford, Liraz Siri, Dror Tirosh, Yoav Weiss, Alex Forshtat, Hadrien Croubois, Sachin Tomar, Patrick McCorry, Nicolas Venturo, Fabian Vogelsteller, Pandapip1",Review,9,355,336,97,102,138,578,582,584,7,219
,,,,,,,,,Hudson Jameson,Martin Becze,1,EIP Purpose and Guidelines,"Martin Becze , Hudson Jameson , et al.",Living,664,5,,,,,,,,,
,,,,,,,,,Gavin John,Pooja Ranjan,5069,EIP Editor Handbook,"Pooja Ranjan , Gavin John ",Living ,601,661,,,,,,,,,
,,,,,,,,,Renan Rodrigues de Souza,Vitalik Buterin,684,Revert creation in case of collision,"Vitalik Buterin , Renan Rodrigues de Souza ",Final,1,598,,,,,,,,,
,,,,,,Wizard Wang,Abu,Martin McConnell,Silvere Heraudeau,5660-eth,6105,No Intermediary NFT Trading Protocol,"5660-eth , Silvere Heraudeau , Martin McConnell , Abu , Wizard Wang",Final,665,595,611,666,667,,,,,,
,,,,,,,,,Wizard Wang,5660-eth,6147,"Guard of NFT/SBT, an Extension of ERC-721","5660-eth , Wizard Wang",Final,665,667,,,,,,,,,
,,,,,,,qizhou,Kartin,msfew,Keegan Lee,6150,Hierarchical NFTs,"Keegan Lee , msfew , Kartin , qizhou ",Final,618,668,669,217,,,,,,,
,,,,,,Jan Turk,Stevan Bogosavljevic,Steven Pineda,Cicada,Bruno kvorc,6220,Composable NFTs utilizing Equippable Parts,"Bruno kvorc , Cicada , Steven Pineda , Stevan Bogosavljevic , Jan Turk ",Final,292,424,500,546,60,,,,,,
,,,,,,Jan Turk,Stevan Bogosavljevic,Steven Pineda,Francesco Sullo,Bruno kvorc,6454,Minimal Transferable NFT detection interface,"Bruno kvorc , Francesco Sullo , Steven Pineda , Stevan Bogosavljevic , Jan Turk ",Final,292,631,500,546,60,,,,,,
,,,,Jason Cheng,Boxi Li,Boyu Chu,Yonathan Randyanto,Kai Yu,Archie Chang,RE:DREAMER Lab,6672,Multi-redeemable NFTs,"RE:DREAMER Lab , Archie Chang  , Kai Yu  , Yonathan Randyanto  , Boyu Chu  , Boxi Li  , Jason Cheng  ",Final,670,654,620,590,645,646,624,,,,
,,,,,,,Jan Turk,Stevan Bogosavljevic,Steven Pineda,Bruno kvorc,6381,Public Non-Fungible Token Emote Repository,"Bruno kvorc , Steven Pineda , Stevan Bogosavljevic , Jan Turk ",Last Call,292,500,546,60,,,,,,,
,,,,,,,,,Francisco Giordano,Hadrien Croubois,5805,Voting with delegation,"Hadrien Croubois , Francisco Giordano ",Review,138,76,,,,,,,,,
,,,,,,,,,,Zainan Victor Zhou,5982,Role-based Access Control,Zainan Victor Zhou ,Review,71,,,,,,,,,,
,,,,,,,,Daniel Fallon-Cyr,Ben Fusek,Alex,6065,Real Estate Token,"Alex , Ben Fusek , Daniel Fallon-Cyr ",Review,385,649,671,,,,,,,,
,,,,,,,,,,Jack Boyuan Xu,6066,Signature Validation Method for NFTs,Jack Boyuan Xu ,Review,626,,,,,,,,,,
,,,,,,,Khanh Pham,BerlinP,Ngo Quang Anh,Zergity,6120,Universal Token Router,"Zergity , Ngo Quang Anh , BerlinP , Khanh Pham ",Review,587,608,586,615,,,,,,,
,,,,,,,,,,Marius van der Wijden,6122,Forkid checks based on timestamps,Marius van der Wijden ,Review,226,,,,,,,,,,
,,,,,,,,,,Gavin John,6188,Nonce Cap,Gavin John ,Review,661,,,,,,,,,,
,,,,,,,,,,Gavin John,6189,Alias Contracts,Gavin John ,Review,661,,,,,,,,,,
,,,,,,,,,,Gavin John,6190,Verkle-compatible SELFDESTRUCT,Gavin John ,Review,661,,,,,,,,,,
,,,,,,,,,,Jessica Chang,6239,Semantic Soulbound Tokens,Jessica Chang ,Review,672,,,,,,,,,,
,,,,,,,,,,Gavin John,6357,Single-contract Multi-delegatecall,Gavin John ,Review,661,,,,,,,,,,
,,,,,,,Kay Lin,George Huang,Jason Cheng,Shawn Zheng,6358,Cross-Chain Token States Synchronization,"Shawn Zheng , Jason Cheng , George Huang , Kay Lin ",Review,596,624,629,619,,,,,,,
,,,,,,,,,Francisco Giordano,Hadrien Croubois,6372,Contract clock,"Hadrien Croubois , Francisco Giordano ",Review,138,76,,,,,,,,,
,,,,,,,,,Zahary Karadjov,Etan Kissling,6475,SSZ Optional,"Etan Kissling , Zahary Karadjov ",Review,634,588,,,,,,,,,
,,,,,,,,,Agustin Aguilar,Ivo Georgiev,6492,Signature Validation for Predeploy Contracts,"Ivo Georgiev , Agustin Aguilar ",Review,627,673,,,,,,,,,
,,,,,,,,Vitalik Buterin,Matt Garnett,Etan Kissling,6493,SSZ Transaction Signature Scheme,"Etan Kissling , Matt Garnett , Vitalik Buterin ",Review,634,145,1,,,,,,,,
,,,,,,,,Narcis Cotaie,Nick Zeman,Mihai Onila,6808,Fungible Key Bound Token,"Mihai Onila , Nick Zeman , Narcis Cotaie ",Review,610,607,609,,,,,,,,
,,,,,,,,Narcis Cotaie,Nick Zeman,Mihai Onila,6809,Non-Fungible Key Bound Token,"Mihai Onila , Nick Zeman , Narcis Cotaie ",Review,610,607,609,,,,,,,,
,,,,,,,,,,Tim Beiko,6953,Network Upgrade Activation Triggers,Tim Beiko ,Review,196,,,,,,,,,,
,,,,,,,,,,Eduard López i Fina,6997,ERC-721 with transaction validation step.,Eduard López i Fina ,Review,674,,,,,,,,,,
,,,,,,,,,,Dexaran,223,223 Token with communication model,Dexaran  ,Draft,638,,,,,,,,,,
,,,,,,,,,Baptiste Vauthey,William Morriss,3455,SUDO Opcode,"William Morriss , Baptiste Vauthey ",Draft,153,652,,,,,,,,,
,,,,,,,,,,Leeren,5700,Bindable Token Interface,Leeren ,Draft,613,,,,,,,,,,
,,,,,,,,,Junyi Zhong,Yu Liu,5851,On-Chain Verifiable Credentials,"Yu Liu , Junyi Zhong ",Draft,183,621,,,,,,,,,
,,,,,,,,,Kevin Riedl,Erhard Dinhobl,5883,Token Transfer by Social Recovery,"Erhard Dinhobl , Kevin Riedl ",Draft,635,616,,,,,,,,,
,,,,,,,,,,Simon Brown,5902,Smart Contract Event Hooks,Simon Brown ,Draft,594,,,,,,,,,,
,,,,,,,,,,Zainan Victor Zhou,6047,ERC-721 Balance indexing via Transfer event,Zainan Victor Zhou ,Draft,71,,,,,,,,,,
,,,,,,,,,Weiji Guo,Base Labs,6051,Private Key Encapsulation,"Base Labs , Weiji Guo ",Draft,651,660,,,,,,,,,
,,,,,,,,Alexandros Korpis,Peter Kohl-Landgraf,Christian Fries,6123,Smart Derivative Contract,"Christian Fries , Peter Kohl-Landgraf , Alexandros Korpis ",Draft,643,675,656,,,,,,,,
,,,,,,,,,,Sujith Somraaj,6170,Cross-Chain Messaging Interface,Sujith Somraaj ,Draft,593,,,,,,,,,,
,,,,,,,Matt Garnett,Pawe? Bylica,Alex Beregszaszi,Andrei Maiboroda,6206,EOF - JUMPF instruction,"Andrei Maiboroda , Alex Beregszaszi , Pawe? Bylica , Matt Garnett ",Draft,214,11,83,145,,,,,,,
,,,,,,,,,,Artem Chystiakov,6224,Contracts Dependencies Registry,Artem Chystiakov ,Draft,653,,,,,,,,,,
,,,,,,,,,,Yuki Aoki,6268,Untransferability Indicator for EIP-1155,Yuki Aoki ,Draft,589,,,,,,,,,,
,,,,,,,,,,Gavin John,6315,ERC-2771 Account Abstraction,Gavin John ,Draft,661,,,,,,,,,,
,,,,,,,,,,George,6327,Elastic Signature,George ,Draft,630,,,,,,,,,,
,,,,,,,KEMP Elia,EL MERSHATI Laith,BOCA Jeabby,Aubay,6353,Charity token,"Aubay , BOCA Jeabby , EL MERSHATI Laith , KEMP Elia ",Draft,676,648,636,617,,,,,,,
,,,,,,,,,Victor Dusart,Chiro,6366,Permission Token,"Chiro , Victor Dusart ",Draft,644,591,,,,,,,,,
,,,,,,,,,RoiV,Tal Be'ery,6384,Human-readable offline signatures,"Tal Be'ery , RoiV ",Draft,677,597,,,,,,,,,
,,,,,,,,,Vitalik Buterin,Etan Kissling,6404,SSZ Transactions Root,"Etan Kissling , Vitalik Buterin ",Draft,634,1,,,,,,,,,
,,,,,,,Arran Schlosberg,David Huber,Simon Fremaux,Cristian Espinoza,6464,"Multi-operator, per-token ERC-721 approvals.","Cristian Espinoza , Simon Fremaux , David Huber , and Arran Schlosberg ",Draft,642,203,640,655,,,,,,,
,,,,,,,,,Mikhail Kalinin,Etan Kissling,6465,SSZ Withdrawals Root,"Etan Kissling , Mikhail Kalinin ",Draft,634,190,,,,,,,,,
,,,,,,,,,Vitalik Buterin,Etan Kissling,6466,SSZ Receipts Root,"Etan Kissling , Vitalik Buterin ",Draft,634,1,,,,,,,,,
,,,,,,,,,,Josh Weintraub,6506,P2P Escrowed Governance Incentives,Josh Weintraub ,Draft,622,,,,,,,,,,
,,,,,,,Vitalik Buterin,Ben DiFrancesco,Toni Wahrstätter,Matt Solomon,6538,Stealth Meta-Address Registry,"Matt Solomon , Toni Wahrstätter , Ben DiFrancesco , Vitalik Buterin ",Draft,499,273,650,1,,,,,,,
,,,Paul Sullivan,Wilkins Chung,Alanah Lam,Raymond Huynh,Druzy Downs,Steve Jang,Benny Giang,Jayden Windle,6551,Non-fungible Token Bound Accounts,"Jayden Windle , Benny Giang , Steve Jang, Druzy Downs , Raymond Huynh , Alanah Lam , Wilkins Chung  , Paul Sullivan  ",Draft,623,678,679,637,599,680,243,604,,,
,,,,,,,,,Victor Dusart,Chiro,6617,Bit Based Permission,"Chiro , Victor Dusart ",Draft,644,591,,,,,,,,,
,,,,,,,,Peter Chen,Zihao Chen,Shu Dong,6662,AA Account Metadata For Authentication,"Shu Dong , Zihao Chen , Peter Chen ",Draft,229,659,603,,,,,,,,
,,,,,,,,Dankrad Feist,Vitalik Buterin,Guillaume Ballet,6780,SELFDESTRUCT only in same transaction,"Guillaume Ballet , Vitalik Buterin , Dankrad Feist ",Draft,142,1,188,,,,,,,,
,,,,,,,,,Bogdan Popa,Otniel Nicola,6785,ERC-721 Utilities Information Extension,"Otniel Nicola , Bogdan Popa ",Draft,606,647,,,,,,,,,
,,,,,,,,,Bogdan Popa,Otniel Nicola,6786,Registry for royalties payment for NFTs,"Otniel Nicola , Bogdan Popa ",Draft,606,647,,,,,,,,,
,,,,,,,,Jun,Roy,Jessica,6787,Order Book DEX with Two Phase Withdrawal,"Jessica , Roy , Jun ",Draft,672,269,681,,,,,,,,
,,,,,,,,,,Pascal Caversaccio,6789,Rename gas to mana,Pascal Caversaccio ,Draft,605,,,,,,,,,,
,,,,,,,,Luigi,Combo,Saitama,6806,ERC-721 Holding Time Tracking,"Saitama , Combo , Luigi ",Draft,682,683,684,,,,,,,,
,,,,,,,,,,William Morriss,6810,Ex Post Facto Cascading Revert,William Morriss ,Draft,153,,,,,,,,,,
,,,,,,,,,,Pandapip1,6811,To The Moon10 Minute Blocks,Pandapip1 ,Draft,219,,,,,,,,,,
,,,,,,,,,Qiang Zhu,Qi Zhou,6821,Support ENS Name for Web3 URL,"Qi Zhou , Qiang Zhu ",Draft,685,600,,,,,,,,,
,,,,,,,,,,qdqd,6823,Token Mapping Slot Retrieval Extension,qdqd  ,Draft,686,,,,,,,,,,
,,,,,,,,,,Abderrahmen Hanafi,6865,On-Chain EIP-712 Visualization,Abderrahmen Hanafi ,Draft,658,,,,,,,,,,
,,,,,,,,,,Renan Rodrigues de Souza,6888,Math checking in EVM,Renan Rodrigues de Souza ,Draft,598,,,,,,,,,,
,,,,,,,,,Fangting Liu,Adam Egyed,6900,Modular Smart Contract Accounts and Plugins,"Adam Egyed , Fangting Liu ",Draft,657,632,,,,,,,,,
,,,,,,,,,,Joshua Trujillo,6909,Minimal Multi-Token Interface,Joshua Trujillo ,Draft,687,,,,,,,,,,
,,,,,,,,,,William Morriss,6913,SETCODE instruction,William Morriss ,Draft,153,,,,,,,,,,
,,,,,,,,,Qi Zhou,Gavin John,6944,ERC-5219 Resolve Mode,"Gavin John , Qi Zhou ",Draft,661,685,,,,,,,,,
,,,,,,,,,Lukas Meyer,Thomas Bergmueller,6956,Asset-bound Non-Fungible Tokens,"Thomas Bergmueller , Lukas Meyer ",Draft,592,612,,,,,,,,,
,,,,,Ashish Sood,Mohammad Zakeri Rad,Khawla Hassan,Nawar Hisso,Mohamad Hammoud,Adam Boudjemaa,6960,Dual Layer Token,"Adam Boudjemaa , Mohamad Hammoud , Nawar Hisso , Khawla Hassan , Mohammad Zakeri Rad , Ashish Sood ",Draft,557,688,689,690,691,692,,,,,
,Yaroslav Sergievsky,Darryl Yeo,Pierre Bertet,Jake Moxey,Glitch,Kyle Den Hartog,Gregory Markou,Richard Moore,Kosala Hemachandra,Pedro Gomes,6963,Multi Injected Provider Discovery,"Pedro Gomes , Kosala Hemachandra , Richard Moore , Gregory Markou , Kyle Den Hartog , Glitch , Jake Moxey , Pierre Bertet , Darryl Yeo , Yaroslav Sergievsky ",Draft,120,290,22,108,542,628,625,602,641,693,
,,,,,,,,Lightclient,Kevin Owocki,Zak Cole,6968,Contract Secured Revenue on an EVM based L2,"Zak Cole , Zak Cole , Kevin Owocki , Lightclient ",Draft,694,81,193,,,,,,,,
,,,,,,,,Kartik Patel,Wilkins Chung,Paul Sullivan,6981,Reserved Ownership Accounts,"Paul Sullivan  , Wilkins Chung  , Kartik Patel  ",Draft,604,243,695,,,,,,,,
,,,,,,,,,Alexe Spataru,Francesco Sullo,6982,Efficient Default Lockable Tokens,"Francesco Sullo , Alexe Spataru ",Draft,631,696,,,,,,,,,
,,,,,,,,,,Mikhail Kalinin,6988,Elected block proposer has not been slashed,Mikhail Kalinin ,Draft,190,,,,,,,,,,
,,,,,,,Kartin,Huaizhe Xu,Xiaohang Yu,Cathie So,7007,Zero-Knowledge AI-Generated Content Token,"Cathie So , Xiaohang Yu , Huaizhe Xu , Kartin ",Draft,697,698,699,669,,,,,,,
,,,,,,,,,,Carlos Flores,7015,NFT Creator Attribution,Carlos Flores ,Draft,700,,,,,,,,,,
,,,,,,,,,,Danny Ryan,7045,Increase max attestation inclusion slot,Danny Ryan ,Draft,50,,,,,,,,,,
,,,,,,,,,Tammy Yang,Bofu Chen,7053,Interoperable Digital Media Indexing,"Bofu Chen , Tammy Yang ",Draft,701,702,,,,,,,,,
,,,,,,,Andrei Maiboroda,Danno Ferrin,Pawe Bylica,Alex Beregszaszi,7069,Revamped CALL instructions,"Alex Beregszaszi , Pawe? Bylica , Danno Ferrin , Andrei Maiboroda ",Draft,11,83,107,214,,,,,,,
