EIP_Number,Author_1,Author_2,Author_3,Author_4,Author_5,Author_6,Author_7,Author_8,Author_9,Author_10,Author_11,betweenness_centrality
3041,Abdelhamid Bakhta,,,,,,,,,,,0.0018045240206921278
3044,Abdelhamid Bakhta,,,,,,,,,,,0.0018045240206921278
3045,Abdelhamid Bakhta,,,,,,,,,,,0.0018045240206921278
3046,Abdelhamid Bakhta,,,,,,,,,,,0.0018045240206921278
2159,Adrian Sutton,,,,,,,,,,,0.0
999,Afri Schoedon,,,,,,,,,,,0.0012566254772400673
1234,Afri Schoedon,,,,,,,,,,,0.0012566254772400673
3238,Afri Schoedon,,,,,,,,,,,0.0012566254772400673
5719,Agustin Aguilar,,,,,,,,,,,0.0
1154,Alan Lu,,,,,,,,,,,0.0
1178,Albert Chon,,,,,,,,,,,0.0
1895,Alexandre Belling,,,,,,,,,,,0.0
141,Alex Beregszaszi,,,,,,,,,,,0.009374220512254564
233,Alex Beregszaszi,,,,,,,,,,,0.009374220512254564
606,Alex Beregszaszi,,,,,,,,,,,0.009374220512254564
607,Alex Beregszaszi,,,,,,,,,,,0.009374220512254564
608,Alex Beregszaszi,,,,,,,,,,,0.009374220512254564
609,Alex Beregszaszi,,,,,,,,,,,0.009374220512254564
663,Alex Beregszaszi,,,,,,,,,,,0.009374220512254564
1352,Alex Beregszaszi,,,,,,,,,,,0.009374220512254564
1803,Alex Beregszaszi,,,,,,,,,,,0.009374220512254564
2014,Alex Beregszaszi,,,,,,,,,,,0.009374220512254564
2046,Alex Beregszaszi,,,,,,,,,,,0.009374220512254564
2069,Alex Beregszaszi,,,,,,,,,,,0.009374220512254564
2070,Alex Beregszaszi,,,,,,,,,,,0.009374220512254564
2488,Alex Beregszaszi,,,,,,,,,,,0.009374220512254564
2681,Alex Beregszaszi,,,,,,,,,,,0.009374220512254564
4803,Alex Beregszaszi,,,,,,,,,,,0.009374220512254564
6046,Alex Beregszaszi,,,,,,,,,,,0.009374220512254564
2026,Alexey Akhunov,,,,,,,,,,,0.002667247632949019
2027,Alexey Akhunov,,,,,,,,,,,0.002667247632949019
2029,Alexey Akhunov,,,,,,,,,,,0.002667247632949019
2031,Alexey Akhunov,,,,,,,,,,,0.002667247632949019
2035,Alexey Akhunov,,,,,,,,,,,0.002667247632949019
2542,Alex Forshtat,,,,,,,,,,,0.0
5050,Alexi,,,,,,,,,,,0.0
3508,Alex Papageorgiou,,,,,,,,,,,0.0
3520,Alex Papageorgiou,,,,,,,,,,,0.0
67,Alex Van de Sande,,,,,,,,,,,0.011540309654139087
1015,Alex Van de Sande,,,,,,,,,,,0.011540309654139087
1078,Alex Van de Sande,,,,,,,,,,,0.011540309654139087
1962,Alex Vlasov,,,,,,,,,,,0.0
2539,Alex Vlasov,,,,,,,,,,,0.0
2666,Alex Vlasov,,,,,,,,,,,0.0
1010,Anderson Wesley,,,,,,,,,,,0.0
4910,Andreas Freund,,,,,,,,,,,0.0
4396,Ansgar Dietrichs,,,,,,,,,,,0.000784063196908497
5564,Anton Wahrstätter,,,,,,,,,,,0.0
3722,Auryn Macmillan,,,,,,,,,,,0.0
3143,Ben Tinner,,,,,,,,,,,0.0
1080,Bradley Leatherwood,,,,,,,,,,,0.0
1295,Brian Venturo,,,,,,,,,,,0.0
1710,Bruno Barbieri,,,,,,,,,,,0.0
5484,Buzz Cai,,,,,,,,,,,0.0
3386,Calvin Koder,,,,,,,,,,,0.0
2333,Carl Beekhuizen,,,,,,,,,,,0.0
2334,Carl Beekhuizen,,,,,,,,,,,0.0
2335,Carl Beekhuizen,,,,,,,,,,,0.0
858,Carl Larson,,,,,,,,,,,0.0
779,Casey Detrio,,,,,,,,,,,0.0
1898,Charles Cooper,,,,,,,,,,,0.0007561614495144647
5,Christian Reitwiessner,,,,,,,,,,,0.012259834608460623
196,Christian Reitwiessner,,,,,,,,,,,0.012259834608460623
211,Christian Reitwiessner,,,,,,,,,,,0.012259834608460623
2481,Christoph Burgdorf,,,,,,,,,,,0.0
5185,Christophe Le Bars,,,,,,,,,,,0.0
1523,Christoph Mussenbrock,,,,,,,,,,,0.0
698,Cody Burns,,,,,,,,,,,0.0
5643,cygaar,,,,,,,,,,,0.0
2593,Dan Finlay,,,,,,,,,,,0.004590756257929443
681,Daniel A. Nagy,,,,,,,,,,,0.0
2009,Daniel Lehrner,,,,,,,,,,,0.0
3450,Daniel Streit,,,,,,,,,,,0.0
4974,Daniel Tedesco,,,,,,,,,,,0.0
1872,Danno Ferrin,,,,,,,,,,,0.0
3436,Danno Ferrin,,,,,,,,,,,0.0
884,Dave Sag,,,,,,,,,,,0.0
4675,David Kim,,,,,,,,,,,0.0
969,David Stanfill,,,,,,,,,,,0.0
5187,DerivStudio,,,,,,,,,,,0.0
4987,Devin Conley,,,,,,,,,,,0.0
3068,Dr. Christopher Gorman,,,,,,,,,,,0.0
2458,Edson Ayllon,,,,,,,,,,,0.0
1276,EOS Classic,,,,,,,,,,,0.0
2384,Eric Conner,,,,,,,,,,,0.0
3326,Erik Marks,,,,,,,,,,,0.009789356173348703
8,Felix Lange,,,,,,,,,,,0.0010497076785010821
778,Felix Lange,,,,,,,,,,,0.0010497076785010821
868,Felix Lange,,,,,,,,,,,0.0010497076785010821
5753,Filipp Makarov,,,,,,,,,,,0.0
2520,Filip Stamcar,,,,,,,,,,,0.0
5267,Francisco Giordano,,,,,,,,,,,0.001859482504030308
5625,Gavin Fu,,,,,,,,,,,0.0
161,Gavin Wood,,,,,,,,,,,0.0
1470,Gerhard Wagner,,,,,,,,,,,0.0
2848,Giuseppe Bertone,,,,,,,,,,,0.0
5022,Green,,,,,,,,,,,0.0
616,Greg Colvin,,,,,,,,,,,0.002020397674327301
2831,Gregory Markou,,,,,,,,,,,0.0
3709,Gregory Markou,,,,,,,,,,,0.0
3788,Gregory Markou,,,,,,,,,,,0.0
2584,Guillaume Ballet,,,,,,,,,,,0.0
2525,Hadrien Croubois,,,,,,,,,,,0.004073341457675654
5143,Hadrien Croubois,,,,,,,,,,,0.004073341457675654
5806,Hadrien Croubois,,,,,,,,,,,0.004073341457675654
3030,Herman Junge,,,,,,,,,,,0.0
5633,HonorLabs,,,,,,,,,,,0.0
6,Hudson Jameson,,,,,,,,,,,0.0
1491,Iamnot Chris,,,,,,,,,,,0.0
4955,Ignacio Mazzara,,,,,,,,,,,0.0
1588,Ikmyeong Na,,,,,,,,,,,0.0
5489,IronMan_CH,,,,,,,,,,,0.0
3534,Isaac Ardis,,,,,,,,,,,0.0
758,Jack Peterson,,,,,,,,,,,0.0
2390,James Choncholas,,,,,,,,,,,0.0
2025,James Hancock,,,,,,,,,,,0.0013658573605390377
2378,James Hancock,,,,,,,,,,,0.0013658573605390377
2387,James Hancock,,,,,,,,,,,0.0013658573605390377
2515,James Hancock,,,,,,,,,,,0.0013658573605390377
2657,James Hancock,,,,,,,,,,,0.0013658573605390377
3554,James Hancock,,,,,,,,,,,0.0013658573605390377
1129,Jan Turk,,,,,,,,,,,0.0
5496,Jeremy Z,,,,,,,,,,,0.0
1175,Jet Lim,,,,,,,,,,,0.0
1438,Jet Lim,,,,,,,,,,,0.0
1185,Jim McDonald,,,,,,,,,,,0.0
2386,Jim McDonald,,,,,,,,,,,0.0
2680,Jim McDonald,,,,,,,,,,,0.0
2844,Joel Thorstensson,,,,,,,,,,,0.0
2242,John Adler,,,,,,,,,,,0.0
2876,Jonathan Underwood,,,,,,,,,,,0.0
1109,Jordi Baylina,,,,,,,,,,,0.0029957018191290757
4,Joseph Chow,,,,,,,,,,,0.0
2566,Joseph Stockermans,,,,,,,,,,,0.0
4393,Jules Lai,,,,,,,,,,,0.0
4885,Jules Lai,,,,,,,,,,,0.0
1191,Juliano Rizzo,,,,,,,,,,,0.0
3332,Justice Hudson,,,,,,,,,,,0.0
4546,Justice Hudson,,,,,,,,,,,0.0
823,Kashish Khullar,,,,,,,,,,,0.0
2615,Kohshi Shiba,,,,,,,,,,,0.0
3756,lightclient,,,,,,,,,,,0.0
801,ligi,,,,,,,,,,,0.004428428776103851
831,ligi,,,,,,,,,,,0.004428428776103851
5505,liszechung,,,,,,,,,,,0.0
2256,Loredana Cirstea,,,,,,,,,,,0.0
5793,Marius van der Wijden,,,,,,,,,,,0.0037349699075771947
4881,Mark Mackey,,,,,,,,,,,0.0
3,Martin Holst Swende,,,,,,,,,,,0.0054458845842003225
1681,Martin Holst Swende,,,,,,,,,,,0.0054458845842003225
1884,Martin Holst Swende,,,,,,,,,,,0.0054458845842003225
2583,Martin Holst Swende,,,,,,,,,,,0.0054458845842003225
2327,Martin Lundfall,,,,,,,,,,,0.0
2612,Martin Lundfall,,,,,,,,,,,0.0
3005,Matt,,,,,,,,,,,0.0
2733,Matt Garnett,,,,,,,,,,,0.0015402246464229616
3521,Matt Garnett,,,,,,,,,,,0.0015402246464229616
1482,Maurelian,,,,,,,,,,,0.0
234,Micah Zoltu,,,,,,,,,,,0.0065010813322343725
1240,Micah Zoltu,,,,,,,,,,,0.0065010813322343725
2711,Micah Zoltu,,,,,,,,,,,0.0065010813322343725
2718,Micah Zoltu,,,,,,,,,,,0.0065010813322343725
2803,Micah Zoltu,,,,,,,,,,,0.0065010813322343725
2972,Micah Zoltu,,,,,,,,,,,0.0065010813322343725
2976,Micah Zoltu,,,,,,,,,,,0.0065010813322343725
5114,Micah Zoltu,,,,,,,,,,,0.0065010813322343725
3368,Michael D. Carter,,,,,,,,,,,0.0
1581,Michele Balistreri,,,,,,,,,,,0.0
5792,Moody Salem,,,,,,,,,,,0.0
5065,Mudit Gupta,,,,,,,,,,,0.0
5646,Naim Ashhab,,,,,,,,,,,0.0
3440,Nathan Ginnever,,,,,,,,,,,0.0
137,Nick Johnson,,,,,,,,,,,0.021794908132318613
181,Nick Johnson,,,,,,,,,,,0.021794908132318613
205,Nick Johnson,,,,,,,,,,,0.021794908132318613
658,Nick Johnson,,,,,,,,,,,0.021794908132318613
926,Nick Johnson,,,,,,,,,,,0.021794908132318613
927,Nick Johnson,,,,,,,,,,,0.021794908132318613
1051,Nick Johnson,,,,,,,,,,,0.021794908132318613
1087,Nick Johnson,,,,,,,,,,,0.021794908132318613
1844,Nick Johnson,,,,,,,,,,,0.021794908132318613
2304,Nick Johnson,,,,,,,,,,,0.021794908132318613
3336,Nick Johnson,,,,,,,,,,,0.021794908132318613
3337,Nick Johnson,,,,,,,,,,,0.021794908132318613
3668,Nick Johnson,,,,,,,,,,,0.021794908132318613
1538,Nick Mudge,,,,,,,,,,,0.0022540123590790023
2535,Nick Mudge,,,,,,,,,,,0.0022540123590790023
1013,Nick Savers,,,,,,,,,,,0.0
1132,nitika-goel,,,,,,,,,,,0.0
4886,Omnus Sunmo,,,,,,,,,,,0.0
4834,Pandapip1,,,,,,,,,,,0.003069408193086814
5219,Pandapip1,,,,,,,,,,,0.003069408193086814
5289,Pandapip1,,,,,,,,,,,0.003069408193086814
5568,Pandapip1,,,,,,,,,,,0.003069408193086814
5615,Pandapip1,,,,,,,,,,,0.003069408193086814
1620,Paul Berg,,,,,,,,,,,0.0
5850,Paul Edge,,,,,,,,,,,0.0
3091,Pedro Gomes,,,,,,,,,,,0.004257119472245597
1812,Pelle Braendgaard,,,,,,,,,,,0.0
4747,Peter Davies,,,,,,,,,,,0.0
3014,Peter Grassberger,,,,,,,,,,,0.0
225,Peter Szilagyi,,,,,,,,,,,1.9898985513538545e-05
706,Peter Szilagyi,,,,,,,,,,,1.9898985513538545e-05
3382,Philippe Castonguay,,,,,,,,,,,0.002727801871893807
3448,pinkiebell,,,,,,,,,,,0.0
5018,Qi Zhou,,,,,,,,,,,0.0007561614495144647
5027,Qi Zhou,,,,,,,,,,,0.0007561614495144647
5478,Qi Zhou,,,,,,,,,,,0.0007561614495144647
3374,Query0x,,,,,,,,,,,0.0
1829,Remco Bloemen,,,,,,,,,,,0.0
2470,Ricardo Guilherme Schmidt,,,,,,,,,,,0.009974818738331958
2474,Ricardo Guilherme Schmidt,,,,,,,,,,,0.009974818738331958
634,Richard Moore,,,,,,,,,,,0.0
107,Ronan Sandford,,,,,,,,,,,0.004664009749944416
1930,Ronan Sandford,,,,,,,,,,,0.004664009749944416
1959,Ronan Sandford,,,,,,,,,,,0.004664009749944416
1965,Ronan Sandford,,,,,,,,,,,0.004664009749944416
5409,Ronan Sandford,,,,,,,,,,,0.004664009749944416
4521,Ross Campbell,,,,,,,,,,,0.0
5553,Roy Osherove,,,,,,,,,,,0.0
3561,Sam Porter,,,,,,,,,,,0.0
5139,Sam Wilson,,,,,,,,,,,0.005100200828612236
5757,Sam Wilson,,,,,,,,,,,0.005100200828612236
5570,Sean Darcy,,,,,,,,,,,0.0
2309,Sean Papanikolas,,,,,,,,,,,0.0
3569,Sean Papanikolas,,,,,,,,,,,0.0
5283,Sergio D. Lerner,,,,,,,,,,,0.0
2997,Sergio Demian Lerner,,,,,,,,,,,0.0
3754,Simon Tian,,,,,,,,,,,0.0
4341,Simon Tian,,,,,,,,,,,0.0
1227,SmeargleUsedFly,,,,,,,,,,,0.0
3772,Soham Zemse,,,,,,,,,,,0.0
5528,StartfundInc,,,,,,,,,,,0.0
665,Tobias Oberstein,,,,,,,,,,,0.0
2,Vitalik Buterin,,,,,,,,,,,0.028981662811550186
7,Vitalik Buterin,,,,,,,,,,,0.028981662811550186
86,Vitalik Buterin,,,,,,,,,,,0.028981662811550186
100,Vitalik Buterin,,,,,,,,,,,0.028981662811550186
101,Vitalik Buterin,,,,,,,,,,,0.028981662811550186
150,Vitalik Buterin,,,,,,,,,,,0.028981662811550186
155,Vitalik Buterin,,,,,,,,,,,0.028981662811550186
158,Vitalik Buterin,,,,,,,,,,,0.028981662811550186
160,Vitalik Buterin,,,,,,,,,,,0.028981662811550186
170,Vitalik Buterin,,,,,,,,,,,0.028981662811550186
198,Vitalik Buterin,,,,,,,,,,,0.028981662811550186
210,Vitalik Buterin,,,,,,,,,,,0.028981662811550186
1014,Vitalik Buterin,,,,,,,,,,,0.028981662811550186
2937,Vitalik Buterin,,,,,,,,,,,0.028981662811550186
2970,Vitalik Buterin,,,,,,,,,,,0.028981662811550186
1363,Vittorio Minacori,,,,,,,,,,,0.0
627,Vlad Gluhovsky,,,,,,,,,,,0.0
1283,Wei Tang,,,,,,,,,,,0.0
1702,Wei Tang,,,,,,,,,,,0.0
2200,Wei Tang,,,,,,,,,,,0.0
1418,William Entriken,,,,,,,,,,,0.0050934984553721325
2228,William Entriken,,,,,,,,,,,0.0050934984553721325
5313,William Entriken,,,,,,,,,,,0.0050934984553721325
6049,William Entriken,,,,,,,,,,,0.0050934984553721325
2936,William Morriss,,,,,,,,,,,0.0
3300,William Morriss,,,,,,,,,,,0.0
3322,William Morriss,,,,,,,,,,,0.0
3651,William Morriss,,,,,,,,,,,0.0
4524,William Schwab,,,,,,,,,,,0.0
5334,Yan,,,,,,,,,,,0.0
689,Yoichi Hirai,,,,,,,,,,,0.0
2135,Zainan Victor Zhou,,,,,,,,,,,0.005570537459565463
5247,Zainan Victor Zhou,,,,,,,,,,,0.005570537459565463
5269,Zainan Victor Zhou,,,,,,,,,,,0.005570537459565463
5298,Zainan Victor Zhou,,,,,,,,,,,0.005570537459565463
5453,Zainan Victor Zhou,,,,,,,,,,,0.005570537459565463
5485,Zainan Victor Zhou,,,,,,,,,,,0.005570537459565463
5679,Zainan Victor Zhou,,,,,,,,,,,0.005570537459565463
5750,Zainan Victor Zhou,,,,,,,,,,,0.005570537459565463
5437,Zainan Zhou,,,,,,,,,,,0.0
3135,Zhenyu Sun,,,,,,,,,,,0.0
2544,Nick Johnson,0age,,,,,,,,,,0.02395349693534149
5635,Timi,0xTriple7,,,,,,,,,,0.0
1285,Ben Kaufman,Adam Levi,,,,,,,,,,0.0
1679,Alex Beregszaszi,Afri Schoedon,,,,,,,,,,0.010630845989494632
2045,Casey Detrio,Alex Beregszaszi,,,,,,,,,,0.009374220512254564
3338,Micah Zoltu,Alex Beregszaszi,,,,,,,,,,0.01587530184448894
2003,Paweł Bylica,Alex Beregszaszi,,,,,,,,,,0.014309146292797337
2926,Sina Mahmoodi,Alex Beregszaszi,,,,,,,,,,0.009374220512254564
2294,Zainan Victor Zhou,Alex Beregszaszi,,,,,,,,,,0.014944757971820027
55,Vitalik Buterin,Alex Van de Sande,,,,,,,,,,0.040521972465689275
5192,Tim Daubenschutz,Anders,,,,,,,,,,3.6179973660979174e-05
4488,Vitalik Buterin,Ansgar Dietrichs,,,,,,,,,,0.029765726008458684
1207,Xiaoyu Wang,Bicong Wang,,,,,,,,,,0.0
5749,Kosala Hemachandra,Brett Kolodny,,,,,,,,,,0.0
1344,Richard Meissner,Bryant Eisenbach,,,,,,,,,,0.004649146715421193
1011,Danny Ryan,Chih-Cheng Liang,,,,,,,,,,0.004849783130836402
197,Vitalik Buterin,Christian Reitwiessner,,,,,,,,,,0.041241497420010806
214,Vitalik Buterin,Christian Reitwiessner,,,,,,,,,,0.041241497420010806
1900,Loredana Cirstea,Christian Tzurcanu,,,,,,,,,,0.0
1921,Loredana Cirstea,Christian Tzurcanu,,,,,,,,,,0.0
2157,Loredana Cirstea,Christian Tzurcanu,,,,,,,,,,0.0
2193,Loredana Cirstea,Christian Tzurcanu,,,,,,,,,,0.0
1186,Simon Jentzsch,Christoph Jentzsch,,,,,,,,,,0.0
5554,Isaac Patka,COALA Licensing Taskforce,,,,,,,,,,1.8089986830489587e-05
4353,Rex Creed,Dane Scarborough,,,,,,,,,,0.0
173,Nick Mudge,Dan Finlay,,,,,,,,,,0.006844768617008445
1775,Vincent Eli,Dan Finlay,,,,,,,,,,0.004590756257929443
4788,Alex Stokes,Danny Ryan,,,,,,,,,,0.004946909131557245
4863,Alex Stokes,Danny Ryan,,,,,,,,,,0.004946909131557245
4895,Alex Stokes,Danny Ryan,,,,,,,,,,0.004946909131557245
4399,Mikhail Kalinin,Danny Ryan,,,,,,,,,,0.004849783130836402
6110,Mikhail Kalinin,Danny Ryan,,,,,,,,,,0.004849783130836402
2770,Alex Forshtat,Dror Tirosh,,,,,,,,,,0.003325389426903005
5202,Charles Cooper,Edward Amor,,,,,,,,,,0.0007561614495144647
2400,Ricardo Guilherme Schmidt,Eric Dvorsak,,,,,,,,,,0.009974818738331958
2255,Dan Finlay,Erik Marks,,,,,,,,,,0.014380112431278146
2696,Micah Zoltu,Erik Marks,,,,,,,,,,0.016290437505583073
2700,Micah Zoltu,Erik Marks,,,,,,,,,,0.016290437505583073
2786,Micah Zoltu,Erik Marks,,,,,,,,,,0.016290437505583073
1102,Paul Bouchon,Erik Marks,,,,,,,,,,0.009789356173348703
1474,Paul Bouchon,Erik Marks,,,,,,,,,,0.009789356173348703
2015,Pedro Gomes,Erik Marks,,,,,,,,,,0.0140464756455943
747,Dan Finlay,Esteban Mino,,,,,,,,,,0.004590756257929443
3000,Jorge Izquierdo,Fabien Marino,,,,,,,,,,0.003112109826259564
2124,Peter Szilagyi,Felix Lange,,,,,,,,,,0.0010696066640146207
5630,Firn Protocol,Fried L. Trout,,,,,,,,,,0.0
4400,Daniel Ivanov,George Spasov,,,,,,,,,,0.0
4573,Greg Colvin,Greg Colvin,,,,,,,,,,0.004040795348654602
4799,David Buckman,Isaac Buckman,,,,,,,,,,0.0
820,Jordi Baylina,Jacques Dafflon,,,,,,,,,,0.0029957018191290757
1820,Jordi Baylina,Jacques Dafflon,,,,,,,,,,0.0029957018191290757
1380,Alex Beregszaszi,Jacques Wagener,,,,,,,,,,0.009374220512254564
875,Weiwu Zhang,James Sangalli,,,,,,,,,,0.0
1386,Weiwu Zhang,James Sangalli,,,,,,,,,,0.0
1387,Weiwu Zhang,James Sangalli,,,,,,,,,,0.0
1388,Weiwu Zhang,James Sangalli,,,,,,,,,,0.0
1355,Paweł Bylica,Jean M. Cyr,,,,,,,,,,0.0049349257805427725
1444,Brooklyn Zelenka,Jennifer Cooper,,,,,,,,,,0.002442393734198631
4736,Benjamin Chodroff,Jim McDonald,,,,,,,,,,0.0
1056,Pelle Braendgaard,Joel Torstensson,,,,,,,,,,0.0
900,Dean Eigenmann,Jorge Izquierdo,,,,,,,,,,0.006071760279593466
2746,Aaron Kendall,Juan Blanco,,,,,,,,,,0.0
5216,Ivan Manus,Juan Carlos Canto,,,,,,,,,,0.0
1462,Maxim Kupriianov,Julian Svirsky,,,,,,,,,,0.0
5005,Auryn Macmillan,Kei Kreutler,,,,,,,,,,0.0
2537,Alex Vlasov,Kelly Olson,,,,,,,,,,0.0007561614495144647
1592,Cyril Lapinte,Laurent Aapro,,,,,,,,,,0.0
2645,Tom Brand,Louis Guthmann,,,,,,,,,,0.0
5375,Samuele Marro,Luca Donno,,,,,,,,,,0.0
897,Jorge Izquierdo,Manuel Araoz,,,,,,,,,,0.003112109826259564
1716,Afri Schoedon,Marius van der Wijden,,,,,,,,,,0.004991595384817262
3155,Martin Holst Swende,Marius van der Wijden,,,,,,,,,,0.009180854491777517
1682,Felix J Lange,Martin Holst Swende,,,,,,,,,,0.0054458845842003225
5023,Jarno Marttila,Martin Moravek,,,,,,,,,,0.0
2929,Vitalik Buterin,Martin Swende,,,,,,,,,,0.030415213977698453
2930,Vitalik Buterin,Martin Swende,,,,,,,,,,0.030415213977698453
3298,Vitalik Buterin,Martin Swende,,,,,,,,,,0.030415213977698453
3403,Vitalik Buterin,Martin Swende,,,,,,,,,,0.030415213977698453
3529,Vitalik Buterin,Martin Swende,,,,,,,,,,0.030415213977698453
5516,Lucas Martín Grasso Ramos,Matias Arazi,,,,,,,,,,0.0
5732,Zainan Victor Zhou,Matt Stam,,,,,,,,,,0.005570537459565463
908,James Ray,Micah Zoltu,,,,,,,,,,0.0065010813322343725
600,Nick Johnson,Micah Zoltu,,,,,,,,,,0.028295989464552987
601,Nick Johnson,Micah Zoltu,,,,,,,,,,0.028295989464552987
4520,Brayton Goodall,Mihir Faujdar,,,,,,,,,,0.0
3978,Anton Bukov,Mikhail Melnik,,,,,,,,,,0.0
3372,mineruniter969,mineruniter969,,,,,,,,,,0.0
1203,Jeff Huang,Min Zu,,,,,,,,,,0.0
3416,HexZorro,Mojtaba Tefagh,,,,,,,,,,0.0
1153,Alexey Akhunov,Moody Salem,,,,,,,,,,0.002667247632949019
1577,Dean Eigenmann,Nick Johnson,,,,,,,,,,0.024754558585652515
191,Martin Holst Swende,Nick Johnson,,,,,,,,,,0.027240792716518934
5559,Paul Gauvreau,Nick Johnson,,,,,,,,,,0.021794908132318613
2098,Richard Moore,Nick Johnson,,,,,,,,,,0.021794908132318613
3224,Richard Moore,Nick Johnson,,,,,,,,,,0.021794908132318613
4430,Richard Moore,Nick Johnson,,,,,,,,,,0.021794908132318613
2767,Soham Zemse,Nick Mudge,,,,,,,,,,0.0022540123590790023
140,Alex Beregszaszi,Nikolai Mushegian,,,,,,,,,,0.009374220512254564
5507,elie222,Pandapip1,,,,,,,,,,0.003069408193086814
1261,Chaitanya Potti,Partha Bhattacharya,,,,,,,,,,0.0
1417,Chaitanya Potti,Partha Bhattacharya,,,,,,,,,,0.0
1822,Gabriel Barros,Patrick Gallagher,,,,,,,,,,0.0
145,Alex Beregszaszi,Pawel Bylica,,,,,,,,,,0.011093732493768067
1985,Alex Beregszaszi,Pawel Bylica,,,,,,,,,,0.011093732493768067
1052,Nick Johnson,Paweł Bylica,,,,,,,,,,0.026729833912861385
3085,Erik Marks,Pedro Gomes,,,,,,,,,,0.0140464756455943
1328,ligi,Pedro Gomes,,,,,,,,,,0.008685548248349448
3220,Weijia Zhang,Peter Robinson,,,,,,,,,,0.0
1459,Felix Lange,Péter Szilágyi,,,,,,,,,,0.0010497076785010821
5189,Agustín Aguilar,Philippe Castonguay,,,,,,,,,,0.002727801871893807
5164,Brendan Asselstine,Pierrick Turelier,,,,,,,,,,0.0
3584,Gajinder Singh,Piper Merriam,,,,,,,,,,0.00490041734600267
1062,Phyrex Tsai,Portal Network Team,,,,,,,,,,0.0
1973,Lee Raj,Qin Jian,,,,,,,,,,0.0
4972,Shu Dong,Qi Zhou,,,,,,,,,,0.0007561614495144647
4973,Tim Daubenschutz,Raphael Roullet,,,,,,,,,,1.447198946439167e-05
1077,Alex Van de Sande,Ricardo Guilherme Schmidt,,,,,,,,,,0.021515128392471043
5003,Dan Finlay,Sam Wilson,,,,,,,,,,0.00969095708654168
2330,Dominic Letz,Santiago Palladino,,,,,,,,,,0.0015373312767269257
5727,Austin Zhu,Terry Chen,,,,,,,,,,0.0
2364,Peter Szilagyi,Tim Beiko,,,,,,,,,,0.0003375535948584661
5380,Pandapip1,Tim Daubenschütz,,,,,,,,,,0.003069408193086814
2935,Vitalik Buterin,Tomasz Stanczak,,,,,,,,,,0.028981662811550186
1485,trustfarm,trustfarm,,,,,,,,,,0.0
725,Fabian Vogelsteller,Tyler Yasaka,,,,,,,,,,0.01697236799209427
2780,Matt Garnett,Uri Klarman,,,,,,,,,,0.0015402246464229616
3267,Victor Porton,Victor Porton,,,,,,,,,,0.0
5252,Hyungsuk Kang,Viktor Pernjek,,,,,,,,,,0.0
3198,Abdelhamid Bakhta,Vitalik Buterin,,,,,,,,,,0.030786186832242313
649,Afri Schoedon,Vitalik Buterin,,,,,,,,,,0.030238288288790254
2982,Danny Ryan,Vitalik Buterin,,,,,,,,,,0.03383144594238659
20,Fabian Vogelsteller,Vitalik Buterin,,,,,,,,,,0.045954030803644456
3102,Guillaume Ballet,Vitalik Buterin,,,,,,,,,,0.028981662811550186
5169,James,Weiwu,,,,,,,,,,0.0
4494,Simon Fremaux,William Schwab,,,,,,,,,,0.0
3589,Zhenyu Sun,Xinqi Yang,,,,,,,,,,0.0
1706,Alex Forshtat,Yoav Weiss,,,,,,,,,,0.003325389426903005
1901,Shane Jonas,Zachary Belford,,,,,,,,,,0.0
1108,Antonio Salazar Cardozo,Zachary Williamson,,,,,,,,,,0.0
5920,Pandapip1,Zainan Victor Zhou,,,,,,,,,,0.008639945652652277
5095,Julian Traversa,Robert Robbins,Alberto Cuesta Cañada,,,,,,,,,2.894397892878334e-05
5450,Andrei Maiboroda,Paweł Bylica,Alex Beregszaszi,,,,,,,,,0.014754199725736132
2677,Martin Holst Swende,Paweł Bylica,Alex Beregszaszi,,,,,,,,,0.01975503087699766
1613,Yoav Weiss,Dror Tirosh,Alex Forshtat,,,,,,,,,0.00665077885380601
4444,George Kadianakis,lightclient,Alex Stokes,,,,,,,,,0.001144154651730738
162,Maurelian,Nick Johnson,Alex Van de Sande,,,,,,,,,0.0333352177864577
3540,Alex Beregszaszi,Pawel Bylica,Andrei Maiboroda,,,,,,,,,0.011538785926706862
3690,Alex Beregszaszi,Pawel Bylica,Andrei Maiboroda,,,,,,,,,0.011538785926706862
4944,Víctor Munoz,Josep Lluis de la Rosa,Andres El-Fakdi,,,,,,,,,3.6179973660979173e-06
5115,Vu Nguyen,Long Vuong,Anton Buenavista,,,,,,,,,0.0
3026,Youssef El Housni,Michael Connor,Aurore Guillevic,,,,,,,,,1.447198946439167e-05
3779,Greg Colvin,Greg Colvin,Brooklyn Zelenka,,,,,,,,,0.006483189082853233
1996,Julio Faura,Fernando Paris,Daniel Lehrner,,,,,,,,,0.0
2018,Julio Faura,Fernando Paris,Daniel Lehrner,,,,,,,,,0.0
2020,Julio Faura,Fernando Paris,Daniel Lehrner,,,,,,,,,0.0
2019,Fernando Paris,Julio Faura,Daniel Lehrner,,,,,,,,,0.0
2021,Fernando Paris,Julio Faura,Daniel Lehrner,,,,,,,,,0.0
4758,Guillaume Ballet,Vitalik Buterin,Dankrad Feist,,,,,,,,,0.034103912559851235
4760,Guillaume Ballet,Vitalik Buterin,Dankrad Feist,,,,,,,,,0.034103912559851235
4762,Guillaume Ballet,Vitalik Buterin,Dankrad Feist,,,,,,,,,0.034103912559851235
3076,Michael Sproul,Sacha Saint-Leger,Danny Ryan,,,,,,,,,0.004849783130836402
3009,Peter Jihoon Kim,Kevin Britz,David Knott,,,,,,,,,0.0
4931,John Peterson,Roberto Bayardo,David Núñez,,,,,,,,,0.0
1450,John Shiple,Howard Marks,David Zhang,,,,,,,,,0.0
5539,Philipp Bolte,Lauritz Leifermann,Dennis von der Bey,,,,,,,,,0.0
1922,Michael Connor,Chaitanya Konda,Duncan Westland,,,,,,,,,1.447198946439167e-05
1923,Michael Connor,Chaitanya Konda,Duncan Westland,,,,,,,,,1.447198946439167e-05
4950,Víctor Munoz,Josep Lluis de la Rosa,Easy Innova,,,,,,,,,3.6179973660979173e-06
5827,zlace,zhongfu,edison0xyz,,,,,,,,,0.0
4938,Marius van der Wijden,Felix Lange,Gary Rong,,,,,,,,,0.005427369175172786
902,Brooklyn Zelenka,Tom Carchrae,Gleb Naumenko,,,,,,,,,0.002442393734198631
1066,Brooklyn Zelenka,Tom Carchrae,Gleb Naumenko,,,,,,,,,0.002442393734198631
6093,Ernesto García,Francisco Giordano,Hadrien Croubois,,,,,,,,,0.005932823961705962
1967,Santiago Palladino,Francisco Giordano,Hadrien Croubois,,,,,,,,,0.007470155238432887
712,Remco Bloemen,Leonid Logvinov,Jacob Evans,,,,,,,,,0.0015050869042967335
2266,Runchao Han,Haoyu Lin,Jiangshan Yu,,,,,,,,,3.6179973660979174e-05
1167,Peter Murray,Nate Welch,Joe Messerman,,,,,,,,,0.0
5058,Tyler,Alex,John,,,,,,,,,2.894397892878334e-05
998,Matt Lockyer,Nick Mudge,Jordan Schalm,,,,,,,,,0.0022540123590790023
2494,Barry WhiteHat,Marta Bellés,Jordi Baylina,,,,,,,,,0.0029957018191290757
5094,Luc van Kampen,Jakob Helgesson,Joshua Hendrix,,,,,,,,,0.0
5560,Olivier Fernandez,Frédéric Le Coidic,Julien Béranger,,,,,,,,,0.0
5081,Zainan Victor Zhou,Nick Johnson,Konrad Feldmeier,,,,,,,,,0.027796158689126646
1767,Nick Johnson,Raúl Kripalani,Kris Shinn,,,,,,,,,0.021794908132318613
1890,Gregory Markou,Kevin Owocki,Lane Rettig,,,,,,,,,0.007984920186978104
3607,Dankrad Feist,Dmitry Khovratovich,Marius van der Wijden,,,,,,,,,0.008857219655878242
1571,Andrea Lanfranchi,Pawel Bylica,Marius Van Der Wijden,,,,,,,,,0.001882598629792872
4671,Omar Aflak,Pol-Malo Le Bris,Marvin Martin,,,,,,,,,0.0
5345,Stanley Wu,Mücahit Büyükyılmaz,Muhammed Emin Aydın,,,,,,,,,0.0
5606,Gaurang Torvekar,Khemraj Adhawade,Nikhil Asrani,,,,,,,,,0.0
4750,Andrei Maiboroda,Alex Beregszaszi,Paweł Bylica,,,,,,,,,0.014754199725736132
5000,Harikrishnan Mulackal,Alex Beregszaszi,Paweł Bylica,,,,,,,,,0.014309146292797337
3670,Alex Beregszaszi,Andrei Maiboroda,Paweł Bylica,,,,,,,,,0.014754199725736132
4200,Alex Beregszaszi,Andrei Maiboroda,Paweł Bylica,,,,,,,,,0.014754199725736132
3855,Alex Beregszaszi,Hugo De la cruz,Paweł Bylica,,,,,,,,,0.014309146292797337
1948,Johann Barbie,Ben Bollen,pinkiebell,,,,,,,,,0.0
867,Dan Phifer,James Levy,Reuben Youngblom,,,,,,,,,0.0
1081,Mark Beylin,Kevin Owocki,Ricardo Guilherme Schmidt,,,,,,,,,0.01795973892531006
4804,Qi Zhou,Chao Pi,Sam Wilson,,,,,,,,,0.005856362278126701
5006,Lance,Anders,Shrug,,,,,,,,,2.1707984196587503e-05
4907,Anders,Lance,Shrug,,,,,,,,,2.1707984196587503e-05
5007,Anders,Lance,Shrug,,,,,,,,,2.1707984196587503e-05
5008,Anders,Lance,Shrug,,,,,,,,,2.1707984196587503e-05
2917,Tony Carson,Mehmet Sabir Kiraz,Süleyman Kardaş,,,,,,,,,0.0
4345,Tim Beiko,James Hancock,Thomas Jay Rush,,,,,,,,,0.0016835119698839652
777,Jacques Dafflon,Jordi Baylina,Thomas Shababi,,,,,,,,,0.0029957018191290757
2464,Peter Szilagyi,Gary Rong,Tim Beiko,,,,,,,,,0.000980245183952975
5218,James Grimmelmann,Yan Ji,Tyler Kell,,,,,,,,,0.0
3675,Mikhail Kalinin,Danny Ryan,Vitalik Buterin,,,,,,,,,0.03383144594238659
2477,Kristijan Sedlak,William Entriken,Witek Radomski,,,,,,,,,0.00585074402902243
1202,Zainan Victor Zhou,Evan,Yin Xu,,,,,,,,,0.005570537459565463
5604,Allen Zhou,Alex Qin,Zainan Victor Zhou,,,,,,,,,0.005570537459565463
5133,Tomasz Kajetan Stanczak,Eric Marti Haynes,Josh Klopfenstein,Abhimanyu Nag,,,,,,,,0.0
3860,Martin Holst Swende,Paweł Bylica,Alex Beregszaszi,Andrei Maiboroda,,,,,,,,0.020200084309936455
3156,Alberto Cuesta Canada,Fiona Kobayashi,fubuloubu,Austin Williams,,,,,,,,0.0
3234,Alberto Cuesta Canada,Fiona Kobayashi,fubuloubu,Austin Williams,,,,,,,,0.0
2942,Nick Gheorghita,Piper Merriam,g. nicholas d'andrea,Benjamin Hauser,,,,,,,,0.00607791540229058
918,Jay Logelin,Infernal_toast,Michael Seiler,Brandon Grill,,,,,,,,0.0
615,Greg Colvin,Brooklyn Zelenka,Paweł Bylica,Christian Reitwiessner,,,,,,,,0.021657551797529328
5791,2pmflow,locationtba,Cameron Robertson,cygaar,,,,,,,,0.0
1123,g. nicholas dandrea,Piper Merriam,Nick Gheorghita,Danny Ryan,,,,,,,,0.011374361121463113
5988,Abdelhamid Bakhta,Eli Ben Sasson,Avihu Levy,David Levit Gurevich,,,,,,,,0.002367871334571287
5725,Apeguru,Marco De Vries,Mario,DeFiFoFum,,,,,,,,0.0
1761,Witek Radomski,Andrew Cooke,James Therien,Eric Binet,,,,,,,,0.0007572455736502973
695,Isaac Ardis,Wei Tang,Fan Torchz,Erik Marks,,,,,,,,0.009789356173348703
1057,Greg Colvin,Andrea Lanfranchi,Michael Carter,IfDefElse,,,,,,,,0.0021834843226066704
4519,Javier Arcenegui,Rosario Arjona,Roberto Roman,Iluminada Baturone,,,,,,,,0.0
152,Tjaden Hess,Matt Luongo,Piotr Dyraga,James Hancock,,,,,,,,0.004831238592624696
2981,Zach Burks,James Morgan,Blaine Malone,James Seibel,,,,,,,,0.0
2315,Greg Colvin,Martin Holst Swende,Brooklyn Zelenka,John Max Skaller,,,,,,,,0.009908675992726254
5593,Yan Zhu,Brian R. Bondy,Andrea Brancaleoni,Kyle Den Hartog,,,,,,,,0.0
3770,Lukas Schor,Richard Meissner,Pedro Gomes,ligi,,,,,,,,0.010824970590849983
2980,Gianluca Perletti,Alan Scarpellini,Roberto Gorini,Manuel Olivi,,,,,,,,0.0
1046,Tommy Nicholas,Matt Russo,John Zettler,Matt Condon,,,,,,,,0.002246776364346807
3074,Sam Wilson,Ansgar Dietrichs,Matt Garnett,Micah Zoltu,,,,,,,,0.013925570004178068
721,William Entriken,Dieter Shirley,Jacob Evans,Nastassia Sachs,,,,,,,,0.006598585359668866
1633,Billy Rennekamp,Dan Long,Kiryl Yermakou,Nate van der Ende,,,,,,,,0.0
4906,Anders,Lance,Shrug,Nathan,,,,,,,,2.1707984196587503e-05
1319,Piper Merriam,Christopher Gewecke,g. nicholas dandrea,Nick Gheorghita,,,,,,,,0.00652457799062671
4361,Wayne Chang,Gregory Rocco,Brantly Millegan,Nick Johnson,,,,,,,,0.024776137961983295
1484,Anurag Angara,Andy Chorlian,Shane Hampton,Noah Zinsmeister,,,,,,,,0.0
5173,Yale ReiSoleil,dRadiant,D Wang,PhD,,,,,,,,0.0
2569,Hua Zhang,Yuefei Tan,Derek Zhou,Ran Xing,,,,,,,,0.0
3643,Joachim Lebrun,Tony Malghem,Kevin Thizy,Luc Falempin,Adam Boudjemaa,,,,,,,0.0
5639,foobar,Wilkins Chung,ryley-o,Jake Rockland,andy8052,,,,,,,5.788795785756668e-05
4883,Andrew B Coathup,Alex,Damian Martinelli,blockdev,Austin Griffith,,,,,,,2.894397892878334e-05
2028,Alexey Akhunov,Eli Ben Sasson,Tom Brand,Louis Guthmann,Avihu Levy,,,,,,,0.003230594946828178
5131,Wilkins Chung,Jalil Wahdatehagh,Cry,Sillytuna,Cyberpnk,,,,,,,5.788795785756668e-05
2565,Kelly Olson,Sean Gulley,Simon Peffers,Justin Drake,Dankrad Feist,,,,,,,0.005878411197815511
5501,Jan Smrza,David Rábel,Tomas Janca,Jan Bures,DOBBYLABS,,,,,,,0.0
1193,Fabian Vogelsteller,Ryan Ghods,Victor Maia,Marc Garreau,Erik Marks,,,,,,,0.026761724165442972
5585,Veega Labs,Sean NG,Tiger,Fred,Fov Cao,,,,,,,0.0
190,Piper Merriam,Tim Coulter,Denis Erfurt,RJ Catalano,Iuri Matias,,,,,,,0.00490041734600267
5773,Bruno Skvorc,Cicada,Steven Pineda,Stevan Bogosavljevic,Jan Turk,,,,,,,0.0
6059,Bruno Skvorc,Cicada,Steven Pineda,Stevan Bogosavljevic,Jan Turk,,,,,,,0.0
1753,Lucas Cullen,Kai Yeung,Anna Crowley,Caroline Marshall,Katrina Donaghy,,,,,,,0.0
2938,Vitalik Buterin,Ansgar Dietrichs,Matt Garnett,Will Villanueva,Sam Wilson,,,,,,,0.03640615148349388
4626,Joey Santoro,t11s,Jet Jadeja,Alberto Cuesta Cañada,Señor Doggo,,,,,,,2.894397892878334e-05
1616,0age,Santiago Palladino,Leo Arias,Alejo Salles,Stephane Gosselin,,,,,,,0.0036959200797498032
5573,Oliver Terbu,Jacob Ward,Charles Lehner,Sam Gbafa,Wayne Chang,,,,,,,0.002981229829664684
1504,Kaidong Wu,Chuqiao Ren,Ruthia He,Yun Ma,Xuanzhe Liu,,,,,,,0.0
1559,Vitalik Buterin,Eric Conner,Rick Dudley,Matthew Slipper,Ian Norden,Abdelhamid Bakhta,,,,,,0.030786186832242313
3525,Will Wang,Mike Meng,Ethan Y. Tsai,Ryan Chow,Zhongxin Wu,AlvisDu,,,,,,0.0
1271,Francisco Giordano,Matt Condon,Philippe Castonguay,Amir Bandeali,Jorge Izquierdo,Bertrand Masius,,,,,,0.009946170566530486
2678,g. nicholas dandrea,Piper Merriam,Nick Gheorghita,Christian Reitwiessner,Ben Hauser,Bryant Eisenbach,,,,,,0.02129413697200799
5656,Alex Beregszaszi,Paul Dworzanski,Jared Wasinger,Casey Detrio,Pawel Bylica,Charles Cooper,,,,,,0.011849893943282532
5521,Saber Yu,Qin Wang,Shange Fu,Shiping Chen,Sherry Xu,Jiangshan Yu,,,,,,3.6179973660979174e-05
3541,Alex Beregszaszi,Pawel Bylica,Andrei Maiboroda,Alexey Akhunov,Christian Reitwiessner,Martin Swende,,,,,,0.02789941933426477
1155,Witek Radomski,Andrew Cooke,Philippe Castonguay,James Therien,Eric Binet,Ronan Sandford,,,,,,0.008149057195488519
4824,Joshua Tan,Isaac Patka,Ido Gershtein,Eyal Eithcowich,Michael Zargham,Sam Furter,,,,,,1.8089986830489587e-05
3475,Yu Liu,Varun Deshpande,Cedric Ngakam,Dhruv Malik,Samuel Gwlanold Edoumou,Toufic Batrice,,,,,,0.0
165,Christian ReitwieBner,Nick Johnson,Fabian Vogelsteller,Jordi Baylina,Konrad Feldmeier,William Entriken,,,,,,0.047287189496156665
4844,Vitalik Buterin,Dankrad Feist,Diederik Loerakker,George Kadianakis,Matt Garnett,Mofi Taiwo,Ansgar Dietrichs,,,,,0.037475229054192594
5744,Cozy Finance,Tony Sheng,Matt Solomon,David Laprade,Payom Dousti,Chad Fleming,Franz Chen,,,,,0.0
4527,Aaron Chen,Sora Lee,ligi,Dan Miller,AndreasGassmann,xardass,Lixin Liu,,,,,0.004428428776103851
4337,Vitalik Buterin,Yoav Weiss,Kristof Gazso,Namra Patel,Dror Tirosh,Shahaf Nacson,Tjaden Hess,,,,,0.039097822897441854
1337,Kevin Owocki,Andrew Redden,Scott Burke,Kevin Seagraves,Luka Kacil,Stefan Simec,Piotr Kosinski,ankit raj,John Griffin,Nathan Creswell,,0.007984920186978104
2771,Ronan Sandford,Liraz Siri,Dror Tirosh,Yoav Weiss,Alex Forshtat,Hadrien Croubois,Sachin Tomar,Patrick McCorry,Nicolas Venturo,Fabian Vogelsteller,Pandapip1,0.03542990624660716
1,Martin Becze ,Hudson Jameson ,et al.,,,,,,,,,0.0
5069,Pooja Ranjan ,Gavin John ,,,,,,,,,,7.235994732195835e-06
684,Vitalik Buterin ,Renan Rodrigues de Souza ,,,,,,,,,,0.00021346184459977713
6105,5660-eth,Silvere Heraudeau ,Martin McConnell ,Abu ,Wizard Wang,,,,,,,0.0
6147,5660-eth,Wizard Wang,,,,,,,,,,0.0
6150,Keegan Lee ,msfew ,Kartin ,qizhou ,,,,,,,,3.256197629488126e-05
6220,Bruno kvorc ,Cicada ,Steven Pineda ,Stevan Bogosavljevic ,Jan Turk ,,,,,,,7.235994732195835e-06
6454,Bruno kvorc ,Francesco Sullo ,Steven Pineda ,Stevan Bogosavljevic ,Jan Turk ,,,,,,,2.532598156268542e-05
6672,RE:DREAMER Lab ,Archie Chang  ,Kai Yu  ,Yonathan Randyanto  ,Boyu Chu  ,Boxi Li  ,Jason Cheng  ,,,,,0.0
6381,Bruno kvorc ,Steven Pineda ,Stevan Bogosavljevic ,Jan Turk ,,,,,,,,7.235994732195835e-06
5805,Hadrien Croubois ,Francisco Giordano ,,,,,,,,,,0.0
5982,Zainan Victor Zhou ,,,,,,,,,,,0.0
6065,Alex ,Ben Fusek ,Daniel Fallon-Cyr ,,,,,,,,,0.0
6066,Jack Boyuan Xu ,,,,,,,,,,,0.0
6120,Zergity ,Ngo Quang Anh ,BerlinP ,Khanh Pham ,,,,,,,,0.0
6122,Marius van der Wijden ,,,,,,,,,,,0.0
6188,Gavin John ,,,,,,,,,,,7.235994732195835e-06
6189,Gavin John ,,,,,,,,,,,7.235994732195835e-06
6190,Gavin John ,,,,,,,,,,,7.235994732195835e-06
6239,Jessica Chang ,,,,,,,,,,,0.0
6357,Gavin John ,,,,,,,,,,,7.235994732195835e-06
6358,Shawn Zheng ,Jason Cheng ,George Huang ,Kay Lin ,,,,,,,,0.0
6372,Hadrien Croubois ,Francisco Giordano ,,,,,,,,,,0.0
6475,Etan Kissling ,Zahary Karadjov ,,,,,,,,,,9.044993415244793e-05
6492,Ivo Georgiev ,Agustin Aguilar ,,,,,,,,,,0.0
6493,Etan Kissling ,Matt Garnett ,Vitalik Buterin ,,,,,,,,,0.00044863167339614175
6808,Mihai Onila ,Nick Zeman ,Narcis Cotaie ,,,,,,,,,0.0
6809,Mihai Onila ,Nick Zeman ,Narcis Cotaie ,,,,,,,,,0.0
6953,Tim Beiko ,,,,,,,,,,,0.0
6997,Eduard López i Fina ,,,,,,,,,,,0.0
223,Dexaran  ,,,,,,,,,,,0.0
3455,William Morriss ,Baptiste Vauthey ,,,,,,,,,,0.0
5700,Leeren ,,,,,,,,,,,0.0
5851,Yu Liu ,Junyi Zhong ,,,,,,,,,,0.0
5883,Erhard Dinhobl ,Kevin Riedl ,,,,,,,,,,0.0
5902,Simon Brown ,,,,,,,,,,,0.0
6047,Zainan Victor Zhou ,,,,,,,,,,,0.0
6051,Base Labs ,Weiji Guo ,,,,,,,,,,0.0
6123,Christian Fries ,Peter Kohl-Landgraf ,Alexandros Korpis ,,,,,,,,,0.0
6170,Sujith Somraaj ,,,,,,,,,,,0.0
6206,Andrei Maiboroda ,Alex Beregszaszi ,Pawe? Bylica ,Matt Garnett ,,,,,,,,0.0001845178656709938
6224,Artem Chystiakov ,,,,,,,,,,,0.0
6268,Yuki Aoki ,,,,,,,,,,,0.0
6315,Gavin John ,,,,,,,,,,,7.235994732195835e-06
6327,George ,,,,,,,,,,,0.0
6353,Aubay ,BOCA Jeabby ,EL MERSHATI Laith ,KEMP Elia ,,,,,,,,0.0
6366,Chiro ,Victor Dusart ,,,,,,,,,,0.0
6384,Tal Be'ery ,RoiV ,,,,,,,,,,0.0
6404,Etan Kissling ,Vitalik Buterin ,,,,,,,,,,0.00030391177875222506
6464,Cristian Espinoza ,Simon Fremaux ,David Huber ,and Arran Schlosberg ,,,,,,,,0.0
6465,Etan Kissling ,Mikhail Kalinin ,,,,,,,,,,9.044993415244793e-05
6466,Etan Kissling ,Vitalik Buterin ,,,,,,,,,,0.00030391177875222506
6506,Josh Weintraub ,,,,,,,,,,,0.0
6538,Matt Solomon ,Toni Wahrstätter ,Ben DiFrancesco ,Vitalik Buterin ,,,,,,,,0.00021346184459977713
6551,Jayden Windle ,Benny Giang ,Steve Jang,Druzy Downs ,Raymond Huynh ,Alanah Lam ,Wilkins Chung  ,Paul Sullivan  ,,,,2.1707984196587503e-05
6617,Chiro ,Victor Dusart ,,,,,,,,,,0.0
6662,Shu Dong ,Zihao Chen ,Peter Chen ,,,,,,,,,0.0
6780,Guillaume Ballet ,Vitalik Buterin ,Dankrad Feist ,,,,,,,,,0.00021346184459977713
6785,Otniel Nicola ,Bogdan Popa ,,,,,,,,,,0.0
6786,Otniel Nicola ,Bogdan Popa ,,,,,,,,,,0.0
6787,Jessica ,Roy ,Jun ,,,,,,,,,0.0
6789,Pascal Caversaccio ,,,,,,,,,,,0.0
6806,Saitama ,Combo ,Luigi ,,,,,,,,,0.0
6810,William Morriss ,,,,,,,,,,,0.0
6811,Pandapip1,,,,,,,,,,,0.003069408193086814
6821,Qi Zhou ,Qiang Zhu ,,,,,,,,,,7.235994732195835e-06
6823,qdqd  ,,,,,,,,,,,0.0
6865,Abderrahmen Hanafi ,,,,,,,,,,,0.0
6888,Renan Rodrigues de Souza ,,,,,,,,,,,0.0
6900,Adam Egyed ,Fangting Liu ,,,,,,,,,,0.0
6909,Joshua Trujillo ,,,,,,,,,,,0.0
6913,William Morriss ,,,,,,,,,,,0.0
6944,Gavin John ,Qi Zhou ,,,,,,,,,,1.447198946439167e-05
6956,Thomas Bergmueller ,Lukas Meyer ,,,,,,,,,,0.0
6960,Adam Boudjemaa ,Mohamad Hammoud ,Nawar Hisso ,Khawla Hassan ,Mohammad Zakeri Rad ,Ashish Sood ,,,,,,0.0
6963,Pedro Gomes ,Kosala Hemachandra ,Richard Moore ,Gregory Markou ,Kyle Den Hartog ,Glitch ,Jake Moxey ,Pierre Bertet ,Darryl Yeo ,Yaroslav Sergievsky ,,0.0
6968,Zak Cole ,Zak Cole ,Kevin Owocki ,Lightclient ,,,,,,,,0.0
6981,Paul Sullivan  ,Wilkins Chung  ,Kartik Patel  ,,,,,,,,,2.1707984196587503e-05
6982,Francesco Sullo ,Alexe Spataru ,,,,,,,,,,1.8089986830489587e-05
6988,Mikhail Kalinin ,,,,,,,,,,,0.0
7007,Cathie So ,Xiaohang Yu ,Huaizhe Xu ,Kartin ,,,,,,,,3.256197629488126e-05
7015,Carlos Flores ,,,,,,,,,,,0.0
7045,Danny Ryan ,,,,,,,,,,,0.0
7053,Bofu Chen ,Tammy Yang ,,,,,,,,,,0.0
7069,Alex Beregszaszi ,Pawe? Bylica ,Danno Ferrin ,Andrei Maiboroda ,,,,,,,,3.979797102707709e-05
